,0,1,2,3,4,5,6,7,8,9,10,11,12
0,fixed acidity,volatile acidity,citric acid,residual sugar,chlorides,free sulfur dioxide,total sulfur dioxide,density,pH,sulphates,alcohol,quality,Id
1,7.4,0.7,0.0,1.9,0.076,11.0,34.0,0.9978,3.51,0.56,9.4,5,0
2,7.8,0.88,0.0,2.6,0.098,25.0,67.0,0.9968,3.2,0.68,9.8,5,1
3,7.8,0.76,0.04,2.3,0.092,15.0,54.0,0.997,3.26,0.65,9.8,5,2
4,11.2,0.28,0.56,1.9,0.075,17.0,60.0,0.998,3.16,0.58,9.8,6,3
5,7.4,0.7,0.0,1.9,0.076,11.0,34.0,0.9978,3.51,0.56,9.4,5,4
6,7.4,0.66,0.0,1.8,0.075,13.0,40.0,0.9978,3.51,0.56,9.4,5,5
7,7.9,0.6,0.06,1.6,0.069,15.0,59.0,0.9964,3.3,0.46,9.4,5,6
8,7.3,0.65,0.0,1.2,0.065,15.0,21.0,0.9946,3.39,0.47,10.0,7,7
9,7.8,0.58,0.02,2.0,0.073,9.0,18.0,0.9968,3.36,0.57,9.5,7,8
10,6.7,0.58,0.08,1.8,0.09699999999999999,15.0,65.0,0.9959,3.28,0.54,9.2,5,10
11,5.6,0.615,0.0,1.6,0.08900000000000001,16.0,59.0,0.9943,3.58,0.52,9.9,5,12
12,7.8,0.61,0.29,1.6,0.114,9.0,29.0,0.9974,3.26,1.56,9.1,5,13
13,8.5,0.28,0.56,1.8,0.092,35.0,103.0,0.9969,3.3,0.75,10.5,7,16
14,7.9,0.32,0.51,1.8,0.341,17.0,56.0,0.9969,3.04,1.08,9.2,6,19
15,7.6,0.39,0.31,2.3,0.08199999999999999,23.0,71.0,0.9982,3.52,0.65,9.7,5,21
16,7.9,0.43,0.21,1.6,0.106,10.0,37.0,0.9966,3.17,0.91,9.5,5,22
17,8.5,0.49,0.11,2.3,0.084,9.0,67.0,0.9968,3.17,0.53,9.4,5,23
18,6.9,0.4,0.14,2.4,0.085,21.0,40.0,0.9968,3.43,0.63,9.7,6,24
19,6.3,0.39,0.16,1.4,0.08,11.0,23.0,0.9955,3.34,0.56,9.3,5,25
20,7.6,0.41,0.24,1.8,0.08,4.0,11.0,0.9962,3.28,0.59,9.5,5,26
21,7.1,0.71,0.0,1.9,0.08,14.0,35.0,0.9972,3.47,0.55,9.4,5,28
22,7.8,0.645,0.0,2.0,0.08199999999999999,8.0,16.0,0.9964,3.38,0.59,9.8,6,29
23,6.7,0.675,0.07,2.4,0.08900000000000001,17.0,82.0,0.9958,3.35,0.54,10.1,5,30
24,8.3,0.655,0.12,2.3,0.083,15.0,113.0,0.9966,3.17,0.66,9.8,5,32
25,5.2,0.32,0.25,1.8,0.10300000000000001,13.0,50.0,0.9957,3.38,0.55,9.2,5,34
26,7.8,0.645,0.0,5.5,0.086,5.0,18.0,0.9986,3.4,0.55,9.6,6,35
27,7.8,0.6,0.14,2.4,0.086,3.0,15.0,0.9975,3.42,0.6,10.8,6,36
28,8.1,0.38,0.28,2.1,0.066,13.0,30.0,0.9968,3.23,0.73,9.7,7,37
29,7.3,0.45,0.36,5.9,0.07400000000000001,12.0,87.0,0.9978,3.33,0.83,10.5,5,40
30,8.8,0.61,0.3,2.8,0.08800000000000001,17.0,46.0,0.9976,3.26,0.51,9.3,4,41
31,7.5,0.49,0.2,2.6,0.332,8.0,14.0,0.9968,3.21,0.9,10.5,6,42
32,8.1,0.66,0.22,2.2,0.069,9.0,23.0,0.9968,3.3,1.2,10.3,5,43
33,4.6,0.52,0.15,2.1,0.054000000000000006,8.0,65.0,0.9934,3.9,0.56,13.1,4,45
34,7.7,0.935,0.43,2.2,0.114,22.0,114.0,0.997,3.25,0.73,9.2,5,46
35,8.8,0.66,0.26,1.7,0.07400000000000001,4.0,23.0,0.9971,3.15,0.74,9.2,5,50
36,6.6,0.52,0.04,2.2,0.069,8.0,15.0,0.9956,3.4,0.63,9.4,6,51
37,6.6,0.5,0.04,2.1,0.068,6.0,14.0,0.9955,3.39,0.64,9.4,6,52
38,8.6,0.38,0.36,3.0,0.081,30.0,119.0,0.997,3.2,0.56,9.4,5,53
39,7.6,0.51,0.15,2.8,0.11,33.0,73.0,0.9955,3.17,0.63,10.2,6,54
40,10.2,0.42,0.57,3.4,0.07,4.0,10.0,0.9971,3.04,0.63,9.6,5,56
41,7.8,0.59,0.18,2.3,0.076,17.0,54.0,0.9975,3.43,0.59,10.0,5,58
42,7.3,0.39,0.31,2.4,0.07400000000000001,9.0,46.0,0.9962,3.41,0.54,9.4,6,59
43,8.8,0.4,0.4,2.2,0.079,19.0,52.0,0.998,3.44,0.64,9.2,5,60
44,7.7,0.69,0.49,1.8,0.115,20.0,112.0,0.9968,3.21,0.71,9.3,5,61
45,7.0,0.735,0.05,2.0,0.081,13.0,54.0,0.9966,3.39,0.57,9.8,5,63
46,7.2,0.725,0.05,4.65,0.086,4.0,11.0,0.9962,3.41,0.39,10.9,5,64
47,7.2,0.725,0.05,4.65,0.086,4.0,11.0,0.9962,3.41,0.39,10.9,5,65
48,6.6,0.705,0.07,1.6,0.076,6.0,15.0,0.9962,3.44,0.58,10.7,5,67
49,8.0,0.705,0.05,1.9,0.07400000000000001,8.0,19.0,0.9962,3.34,0.95,10.5,6,69
50,7.7,0.69,0.22,1.9,0.084,18.0,94.0,0.9961,3.31,0.48,9.5,5,72
51,8.3,0.675,0.26,2.1,0.084,11.0,43.0,0.9976,3.31,0.53,9.2,4,73
52,8.8,0.41,0.64,2.2,0.09300000000000001,9.0,42.0,0.9986,3.54,0.66,10.5,5,76
53,6.8,0.785,0.0,2.4,0.10400000000000001,14.0,30.0,0.9966,3.52,0.55,10.7,6,77
54,6.7,0.75,0.12,2.0,0.086,12.0,80.0,0.9958,3.38,0.52,10.1,5,78
55,8.3,0.625,0.2,1.5,0.08,27.0,119.0,0.9972,3.16,1.12,9.1,4,79
56,6.2,0.45,0.2,1.6,0.069,3.0,15.0,0.9958,3.41,0.56,9.2,5,80
57,7.4,0.5,0.47,2.0,0.086,21.0,73.0,0.997,3.36,0.57,9.1,5,82
58,6.3,0.3,0.48,1.8,0.069,18.0,61.0,0.9959,3.44,0.78,10.3,6,84
59,6.9,0.55,0.15,2.2,0.076,19.0,40.0,0.9961,3.41,0.59,10.1,5,85
60,8.6,0.49,0.28,1.9,0.11,20.0,136.0,0.9972,2.93,1.95,9.9,6,86
61,7.7,0.49,0.26,1.9,0.062,9.0,31.0,0.9966,3.39,0.64,9.6,5,87
62,9.3,0.39,0.44,2.1,0.107,34.0,125.0,0.9978,3.14,1.22,9.5,5,88
63,7.0,0.62,0.08,1.8,0.076,8.0,24.0,0.9978,3.48,0.53,9.0,5,89
64,7.9,0.52,0.26,1.9,0.079,42.0,140.0,0.9964,3.23,0.54,9.5,5,90
65,8.6,0.49,0.28,1.9,0.11,20.0,136.0,0.9972,2.93,1.95,9.9,6,91
66,7.7,0.49,0.26,1.9,0.062,9.0,31.0,0.9966,3.39,0.64,9.6,5,93
67,5.0,1.02,0.04,1.4,0.045,41.0,85.0,0.9938,3.75,0.48,10.5,4,94
68,6.8,0.775,0.0,3.0,0.102,8.0,23.0,0.9965,3.45,0.56,10.7,5,96
69,7.6,0.9,0.06,2.5,0.079,5.0,10.0,0.9967,3.39,0.56,9.8,5,98
70,8.1,0.545,0.18,1.9,0.08,13.0,35.0,0.9972,3.3,0.59,9.0,6,99
71,8.3,0.61,0.3,2.1,0.084,11.0,50.0,0.9972,3.4,0.61,10.2,6,100
72,8.1,0.545,0.18,1.9,0.08,13.0,35.0,0.9972,3.3,0.59,9.0,6,102
73,8.1,0.575,0.22,2.1,0.077,12.0,65.0,0.9967,3.29,0.51,9.2,5,103
74,7.2,0.49,0.24,2.2,0.07,5.0,36.0,0.996,3.33,0.48,9.4,5,104
75,8.1,0.575,0.22,2.1,0.077,12.0,65.0,0.9967,3.29,0.51,9.2,5,105
76,7.8,0.41,0.68,1.7,0.467,18.0,69.0,0.9973,3.08,1.31,9.3,5,106
77,6.2,0.63,0.31,1.7,0.08800000000000001,15.0,64.0,0.9969,3.46,0.79,9.3,5,107
78,7.8,0.56,0.19,1.8,0.10400000000000001,12.0,47.0,0.9964,3.19,0.93,9.5,5,110
79,8.4,0.62,0.09,2.2,0.084,11.0,108.0,0.9964,3.15,0.66,9.8,5,111
80,10.1,0.31,0.44,2.3,0.08,22.0,46.0,0.9988,3.32,0.67,9.7,6,113
81,7.8,0.56,0.19,1.8,0.10400000000000001,12.0,47.0,0.9964,3.19,0.93,9.5,5,114
82,9.4,0.4,0.31,2.2,0.09,13.0,62.0,0.9966,3.07,0.63,10.5,6,115
83,8.3,0.54,0.28,1.9,0.077,11.0,40.0,0.9978,3.39,0.61,10.0,6,116
84,7.3,1.07,0.09,1.7,0.17800000000000002,10.0,89.0,0.9962,3.3,0.57,9.0,5,120
85,8.8,0.55,0.04,2.2,0.11900000000000001,14.0,56.0,0.9962,3.21,0.6,10.9,6,121
86,7.3,0.695,0.0,2.5,0.075,3.0,13.0,0.998,3.49,0.52,9.2,5,122
87,7.8,0.5,0.17,1.6,0.08199999999999999,21.0,102.0,0.996,3.39,0.48,9.5,5,124
88,8.2,1.33,0.0,1.7,0.081,3.0,12.0,0.9964,3.53,0.49,10.9,5,126
89,8.1,1.33,0.0,1.8,0.08199999999999999,3.0,12.0,0.9964,3.54,0.48,10.9,5,127
90,8.0,0.59,0.16,1.8,0.065,3.0,16.0,0.9962,3.42,0.92,10.5,7,128
91,8.0,0.745,0.56,2.0,0.11800000000000001,30.0,134.0,0.9968,3.24,0.66,9.4,5,130
92,5.6,0.5,0.09,2.3,0.049,17.0,99.0,0.9937,3.63,0.63,13.0,5,131
93,7.9,1.04,0.05,2.2,0.084,13.0,29.0,0.9959,3.22,0.55,9.9,6,134
94,8.4,0.745,0.11,1.9,0.09,16.0,63.0,0.9965,3.19,0.82,9.6,5,135
95,7.2,0.415,0.36,2.0,0.081,13.0,45.0,0.9972,3.48,0.64,9.2,5,137
96,8.4,0.745,0.11,1.9,0.09,16.0,63.0,0.9965,3.19,0.82,9.6,5,140
97,5.2,0.34,0.0,1.8,0.05,27.0,63.0,0.9916,3.68,0.79,14.0,6,142
98,6.3,0.39,0.08,1.7,0.066,3.0,20.0,0.9954,3.34,0.58,9.4,5,143
99,5.2,0.34,0.0,1.8,0.05,27.0,63.0,0.9916,3.68,0.79,14.0,6,144
100,8.1,0.67,0.55,1.8,0.11699999999999999,32.0,141.0,0.9968,3.17,0.62,9.4,5,145
101,5.8,0.68,0.02,1.8,0.087,21.0,94.0,0.9944,3.54,0.52,10.0,5,146
102,6.9,0.49,0.1,2.3,0.07400000000000001,12.0,30.0,0.9959,3.42,0.58,10.2,6,148
103,7.3,0.33,0.47,2.1,0.077,5.0,11.0,0.9958,3.33,0.53,10.3,6,150
104,9.2,0.52,1.0,3.4,0.61,32.0,69.0,0.9996,2.74,2.0,9.4,4,151
105,7.5,0.6,0.03,1.8,0.095,25.0,99.0,0.995,3.35,0.54,10.1,5,152
106,7.5,0.6,0.03,1.8,0.095,25.0,99.0,0.995,3.35,0.54,10.1,5,153
107,7.1,0.43,0.42,5.5,0.071,28.0,128.0,0.9973,3.42,0.71,10.5,5,155
108,7.1,0.43,0.42,5.5,0.07,29.0,129.0,0.9973,3.42,0.72,10.5,5,156
109,7.1,0.43,0.42,5.5,0.071,28.0,128.0,0.9973,3.42,0.71,10.5,5,157
110,7.1,0.68,0.0,2.2,0.073,12.0,22.0,0.9969,3.48,0.5,9.3,5,158
111,6.8,0.6,0.18,1.9,0.079,18.0,86.0,0.9968,3.59,0.57,9.3,6,159
112,7.6,0.95,0.03,2.0,0.09,7.0,20.0,0.9959,3.2,0.56,9.6,5,160
113,7.6,0.68,0.02,1.3,0.07200000000000001,9.0,20.0,0.9965,3.17,1.08,9.2,4,161
114,7.8,0.53,0.04,1.7,0.076,17.0,31.0,0.9964,3.33,0.56,10.0,6,162
115,7.4,0.6,0.26,7.3,0.07,36.0,121.0,0.9982,3.37,0.49,9.4,5,163
116,7.3,0.59,0.26,7.2,0.07,35.0,121.0,0.9981,3.37,0.49,9.4,5,164
117,7.8,0.63,0.48,1.7,0.1,14.0,96.0,0.9961,3.19,0.62,9.5,5,165
118,6.8,0.64,0.1,2.1,0.085,18.0,101.0,0.9956,3.34,0.52,10.2,5,166
119,7.3,0.55,0.03,1.6,0.07200000000000001,17.0,42.0,0.9956,3.37,0.48,9.0,4,167
120,6.8,0.63,0.07,2.1,0.08900000000000001,11.0,44.0,0.9953,3.47,0.55,10.4,6,168
121,7.9,0.885,0.03,1.8,0.057999999999999996,4.0,8.0,0.9972,3.36,0.33,9.1,4,170
122,8.0,0.42,0.17,2.0,0.073,6.0,18.0,0.9972,3.29,0.61,9.2,6,172
123,7.4,0.62,0.05,1.9,0.068,24.0,42.0,0.9961,3.42,0.57,11.5,6,173
124,6.9,0.5,0.04,1.5,0.085,19.0,49.0,0.9958,3.35,0.78,9.5,5,175
125,7.3,0.38,0.21,2.0,0.08,7.0,35.0,0.9961,3.33,0.47,9.5,5,176
126,7.5,0.52,0.42,2.3,0.087,8.0,38.0,0.9972,3.58,0.61,10.5,6,177
127,7.0,0.805,0.0,2.5,0.068,7.0,20.0,0.9969,3.48,0.56,9.6,5,178
128,8.8,0.61,0.14,2.4,0.067,10.0,42.0,0.9969,3.19,0.59,9.5,5,179
129,8.8,0.61,0.14,2.4,0.067,10.0,42.0,0.9969,3.19,0.59,9.5,5,180
130,8.9,0.61,0.49,2.0,0.27,23.0,110.0,0.9972,3.12,1.02,9.3,5,181
131,7.2,0.73,0.02,2.5,0.076,16.0,42.0,0.9972,3.44,0.52,9.3,5,182
132,6.8,0.61,0.2,1.8,0.077,11.0,65.0,0.9971,3.54,0.58,9.3,5,183
133,6.7,0.62,0.21,1.9,0.079,8.0,62.0,0.997,3.52,0.58,9.3,6,184
134,8.9,0.31,0.57,2.0,0.111,26.0,85.0,0.9971,3.26,0.53,9.7,5,185
135,7.4,0.39,0.48,2.0,0.08199999999999999,14.0,67.0,0.9972,3.34,0.55,9.2,5,186
136,7.9,0.5,0.33,2.0,0.084,15.0,143.0,0.9968,3.2,0.55,9.5,5,188
137,8.2,0.5,0.35,2.9,0.077,21.0,127.0,0.9976,3.23,0.62,9.4,5,190
138,6.4,0.37,0.25,1.9,0.07400000000000001,21.0,49.0,0.9974,3.57,0.62,9.8,6,191
139,7.6,0.55,0.21,2.2,0.071,7.0,28.0,0.9964,3.28,0.55,9.7,5,193
140,7.6,0.55,0.21,2.2,0.071,7.0,28.0,0.9964,3.28,0.55,9.7,5,194
141,7.3,0.58,0.3,2.4,0.07400000000000001,15.0,55.0,0.9968,3.46,0.59,10.2,5,196
142,11.5,0.3,0.6,2.0,0.067,12.0,27.0,0.9981,3.11,0.97,10.1,6,197
143,6.9,1.09,0.06,2.1,0.061,12.0,31.0,0.9948,3.51,0.43,11.4,4,199
144,9.6,0.32,0.47,1.4,0.055999999999999994,9.0,24.0,0.99695,3.22,0.82,10.3,7,200
145,7.0,0.43,0.36,1.6,0.08900000000000001,14.0,37.0,0.99615,3.34,0.56,9.2,6,204
146,12.8,0.3,0.74,2.6,0.095,9.0,28.0,0.9994,3.2,0.77,10.8,7,205
147,12.8,0.3,0.74,2.6,0.095,9.0,28.0,0.9994,3.2,0.77,10.8,7,206
148,7.8,0.44,0.28,2.7,0.1,18.0,95.0,0.9966,3.22,0.67,9.4,5,208
149,9.7,0.53,0.6,2.0,0.039,5.0,19.0,0.99585,3.3,0.86,12.4,6,210
150,8.0,0.725,0.24,2.8,0.083,10.0,62.0,0.99685,3.35,0.56,10.0,6,211
151,8.2,0.57,0.26,2.2,0.06,28.0,65.0,0.9959,3.3,0.43,10.1,5,213
152,7.8,0.735,0.08,2.4,0.092,10.0,41.0,0.9974,3.24,0.71,9.8,6,214
153,7.0,0.49,0.49,5.6,0.06,26.0,121.0,0.9974,3.34,0.76,10.5,5,215
154,8.7,0.625,0.16,2.0,0.10099999999999999,13.0,49.0,0.9962,3.14,0.57,11.0,5,216
155,8.1,0.725,0.22,2.2,0.07200000000000001,11.0,41.0,0.9967,3.36,0.55,9.1,5,217
156,7.5,0.49,0.19,1.9,0.076,10.0,44.0,0.9957,3.39,0.54,9.7,5,218
157,7.8,0.34,0.37,2.0,0.08199999999999999,24.0,58.0,0.9964,3.34,0.59,9.4,6,220
158,7.4,0.53,0.26,2.0,0.10099999999999999,16.0,72.0,0.9957,3.15,0.57,9.4,5,221
159,6.8,0.61,0.04,1.5,0.057,5.0,10.0,0.99525,3.42,0.6,9.5,5,222
160,8.6,0.645,0.25,2.0,0.083,8.0,28.0,0.99815,3.28,0.6,10.0,6,223
161,7.7,0.43,0.25,2.6,0.073,29.0,63.0,0.99615,3.37,0.58,10.5,6,225
162,8.9,0.59,0.5,2.0,0.337,27.0,81.0,0.9964,3.04,1.61,9.5,6,226
163,5.2,0.48,0.04,1.6,0.054000000000000006,19.0,106.0,0.9927,3.54,0.62,12.2,7,230
164,8.0,0.38,0.06,1.8,0.078,12.0,49.0,0.99625,3.37,0.52,9.9,6,231
165,8.5,0.37,0.2,2.8,0.09,18.0,58.0,0.998,3.34,0.7,9.6,6,232
166,8.2,1.0,0.09,2.3,0.065,7.0,37.0,0.99685,3.32,0.55,9.0,6,234
167,7.2,0.63,0.0,1.9,0.09699999999999999,14.0,38.0,0.99675,3.37,0.58,9.0,6,235
168,8.9,0.635,0.37,1.7,0.263,5.0,62.0,0.9971,3.0,1.09,9.3,5,240
169,12.0,0.38,0.56,2.1,0.09300000000000001,6.0,24.0,0.99925,3.14,0.71,10.9,6,241
170,7.7,0.58,0.1,1.8,0.102,28.0,109.0,0.99565,3.08,0.49,9.8,6,242
171,15.0,0.21,0.44,2.2,0.075,10.0,24.0,1.00005,3.07,0.84,9.2,7,243
172,15.0,0.21,0.44,2.2,0.075,10.0,24.0,1.00005,3.07,0.84,9.2,7,244
173,7.3,0.66,0.0,2.0,0.084,6.0,23.0,0.9983,3.61,0.96,9.9,6,245
174,7.1,0.68,0.07,1.9,0.075,16.0,51.0,0.99685,3.38,0.52,9.5,5,246
175,7.3,0.66,0.0,2.0,0.084,6.0,23.0,0.9983,3.61,0.96,9.9,6,249
176,10.8,0.32,0.44,1.6,0.063,16.0,37.0,0.9985,3.22,0.78,10.0,6,250
177,7.1,0.6,0.0,1.8,0.07400000000000001,16.0,34.0,0.9972,3.47,0.7,9.9,6,251
178,11.1,0.35,0.48,3.1,0.09,5.0,21.0,0.9986,3.17,0.53,10.5,5,252
179,7.7,0.775,0.42,1.9,0.092,8.0,86.0,0.9959,3.23,0.59,9.5,5,253
180,8.0,0.57,0.23,3.2,0.073,17.0,119.0,0.99675,3.26,0.57,9.3,5,255
181,9.4,0.34,0.37,2.2,0.075,5.0,13.0,0.998,3.22,0.62,9.2,5,256
182,6.6,0.695,0.0,2.1,0.075,12.0,56.0,0.9968,3.49,0.67,9.2,5,257
183,7.7,0.41,0.76,1.8,0.611,8.0,45.0,0.9968,3.06,1.26,9.4,5,258
184,10.0,0.31,0.47,2.6,0.085,14.0,33.0,0.99965,3.36,0.8,10.5,7,259
185,7.9,0.33,0.23,1.7,0.077,18.0,45.0,0.99625,3.29,0.65,9.3,5,260
186,7.0,0.975,0.04,2.0,0.087,12.0,67.0,0.99565,3.35,0.6,9.4,4,261
187,8.0,0.52,0.03,1.7,0.07,10.0,35.0,0.99575,3.34,0.57,10.0,5,262
188,7.9,0.37,0.23,1.8,0.077,23.0,49.0,0.9963,3.28,0.67,9.3,5,263
189,12.5,0.56,0.49,2.4,0.064,5.0,27.0,0.9999,3.08,0.87,10.9,5,264
190,8.1,0.87,0.0,3.3,0.096,26.0,61.0,1.00025,3.6,0.72,9.8,4,266
191,7.9,0.35,0.46,3.6,0.078,15.0,37.0,0.9973,3.35,0.86,12.8,8,267
192,6.9,0.54,0.04,3.0,0.077,7.0,27.0,0.9987,3.69,0.91,9.4,6,268
193,11.5,0.18,0.51,4.0,0.10400000000000001,4.0,23.0,0.9996,3.28,0.97,10.1,6,269
194,7.9,0.545,0.06,4.0,0.087,27.0,61.0,0.9965,3.36,0.67,10.7,6,270
195,7.9,0.545,0.06,4.0,0.087,27.0,61.0,0.9965,3.36,0.67,10.7,6,275
196,6.9,0.54,0.04,3.0,0.077,7.0,27.0,0.9987,3.69,0.91,9.4,6,276
197,11.5,0.18,0.51,4.0,0.10400000000000001,4.0,23.0,0.9996,3.28,0.97,10.1,6,277
198,10.3,0.32,0.45,6.4,0.073,5.0,13.0,0.9976,3.23,0.82,12.6,8,278
199,8.9,0.4,0.32,5.6,0.087,10.0,47.0,0.9991,3.38,0.77,10.5,7,279
200,11.4,0.26,0.44,3.6,0.071,6.0,19.0,0.9986,3.12,0.82,9.3,6,280
201,7.7,0.27,0.68,3.5,0.358,5.0,10.0,0.9972,3.25,1.08,9.9,7,281
202,8.9,0.4,0.32,5.6,0.087,10.0,47.0,0.9991,3.38,0.77,10.5,7,283
203,9.9,0.59,0.07,3.4,0.102,32.0,71.0,1.00015,3.31,0.71,9.8,5,284
204,9.9,0.59,0.07,3.4,0.102,32.0,71.0,1.00015,3.31,0.71,9.8,5,285
205,12.0,0.45,0.55,2.0,0.073,25.0,49.0,0.9997,3.1,0.76,10.3,6,286
206,7.5,0.4,0.12,3.0,0.092,29.0,53.0,0.9967,3.37,0.7,10.3,6,287
207,8.7,0.52,0.09,2.5,0.091,20.0,49.0,0.9976,3.34,0.86,10.6,7,288
208,11.6,0.42,0.53,3.3,0.105,33.0,98.0,1.001,3.2,0.95,9.2,5,289
209,8.7,0.52,0.09,2.5,0.091,20.0,49.0,0.9976,3.34,0.86,10.6,7,290
210,10.4,0.55,0.23,2.7,0.091,18.0,48.0,0.9994,3.22,0.64,10.3,6,292
211,6.9,0.36,0.25,2.4,0.098,5.0,16.0,0.9964,3.41,0.6,10.1,6,293
212,13.3,0.34,0.52,3.2,0.094,17.0,53.0,1.0014,3.05,0.81,9.5,6,294
213,10.8,0.5,0.46,2.5,0.073,5.0,27.0,1.0001,3.05,0.64,9.5,5,295
214,10.6,0.83,0.37,2.6,0.086,26.0,70.0,0.9981,3.16,0.52,9.9,5,296
215,7.1,0.63,0.06,2.0,0.083,8.0,29.0,0.99855,3.67,0.73,9.6,5,297
216,7.2,0.65,0.02,2.3,0.094,5.0,31.0,0.9993,3.67,0.8,9.7,5,298
217,7.5,0.53,0.06,2.6,0.086,20.0,44.0,0.9965,3.38,0.59,10.7,6,300
218,11.1,0.18,0.48,1.5,0.068,7.0,15.0,0.9973,3.22,0.64,10.1,6,301
219,8.3,0.705,0.12,2.6,0.092,12.0,28.0,0.9994,3.51,0.72,10.0,5,302
220,8.4,0.65,0.6,2.1,0.11199999999999999,12.0,90.0,0.9973,3.2,0.52,9.2,5,304
221,7.6,0.62,0.32,2.2,0.08199999999999999,7.0,54.0,0.9966,3.36,0.52,9.4,5,306
222,10.3,0.41,0.42,2.4,0.213,6.0,14.0,0.9994,3.19,0.62,9.5,6,307
223,10.3,0.43,0.44,2.4,0.214,5.0,12.0,0.9994,3.19,0.63,9.5,6,308
224,7.9,0.53,0.24,2.0,0.07200000000000001,15.0,105.0,0.996,3.27,0.54,9.4,6,311
225,9.0,0.46,0.31,2.8,0.09300000000000001,19.0,98.0,0.99815,3.32,0.63,9.5,6,312
226,8.6,0.47,0.3,3.0,0.076,30.0,135.0,0.9976,3.3,0.53,9.4,5,313
227,7.4,0.36,0.29,2.6,0.087,26.0,72.0,0.99645,3.39,0.68,11.0,5,314
228,9.8,0.66,0.39,3.2,0.083,21.0,59.0,0.9989,3.37,0.71,11.5,7,318
229,9.6,0.77,0.12,2.9,0.08199999999999999,30.0,74.0,0.99865,3.3,0.64,10.4,6,319
230,9.3,0.61,0.26,3.4,0.09,25.0,87.0,0.99975,3.24,0.62,9.7,5,321
231,10.0,0.49,0.2,11.0,0.071,13.0,50.0,1.0015,3.16,0.69,9.2,6,324
232,10.0,0.49,0.2,11.0,0.071,13.0,50.0,1.0015,3.16,0.69,9.2,6,325
233,11.6,0.53,0.66,3.65,0.121,6.0,14.0,0.9978,3.05,0.74,11.5,7,326
234,10.3,0.44,0.5,4.5,0.107,5.0,13.0,0.998,3.28,0.83,11.5,5,327
235,13.4,0.27,0.62,2.6,0.08199999999999999,6.0,21.0,1.0002,3.16,0.67,9.7,6,328
236,8.4,0.56,0.08,2.1,0.105,16.0,44.0,0.9958,3.13,0.52,11.0,5,333
237,7.9,0.65,0.01,2.5,0.078,17.0,38.0,0.9963,3.34,0.74,11.7,7,334
238,11.9,0.695,0.53,3.4,0.128,7.0,21.0,0.9992,3.17,0.84,12.2,7,335
239,8.9,0.43,0.45,1.9,0.052000000000000005,6.0,16.0,0.9948,3.35,0.7,12.5,6,336
240,7.8,0.43,0.32,2.8,0.08,29.0,58.0,0.9974,3.31,0.64,10.3,5,337
241,12.5,0.28,0.54,2.3,0.08199999999999999,12.0,29.0,0.9997,3.11,1.36,9.8,7,339
242,10.9,0.39,0.47,1.8,0.11800000000000001,6.0,14.0,0.9982,3.3,0.75,9.8,6,342
243,10.9,0.39,0.47,1.8,0.11800000000000001,6.0,14.0,0.9982,3.3,0.75,9.8,6,343
244,11.9,0.57,0.5,2.6,0.08199999999999999,6.0,32.0,1.0006,3.12,0.78,10.7,6,344
245,13.8,0.49,0.67,3.0,0.09300000000000001,6.0,15.0,0.9986,3.02,0.93,12.0,6,347
246,9.6,0.56,0.31,2.8,0.08900000000000001,15.0,46.0,0.9979,3.11,0.92,10.0,6,348
247,9.1,0.795,0.0,2.6,0.096,11.0,26.0,0.9994,3.35,0.83,9.4,6,351
248,7.7,0.665,0.0,2.4,0.09,8.0,19.0,0.9974,3.27,0.73,9.3,5,352
249,13.5,0.53,0.79,4.8,0.12,23.0,77.0,1.0018,3.18,0.77,13.0,5,353
250,6.1,0.21,0.4,1.4,0.066,40.5,165.0,0.9912,3.25,0.59,11.9,6,354
251,6.7,0.75,0.01,2.4,0.078,17.0,32.0,0.9955,3.55,0.61,12.8,6,355
252,11.5,0.41,0.52,3.0,0.08,29.0,55.0,1.0001,3.26,0.88,11.0,5,356
253,10.5,0.42,0.66,2.95,0.11599999999999999,12.0,29.0,0.997,3.24,0.75,11.7,7,357
254,11.9,0.43,0.66,3.1,0.109,10.0,23.0,1.0,3.15,0.85,10.4,7,358
255,12.6,0.38,0.66,2.6,0.08800000000000001,10.0,41.0,1.001,3.17,0.68,9.8,6,359
256,8.2,0.7,0.23,2.0,0.099,14.0,81.0,0.9973,3.19,0.7,9.4,5,360
257,8.6,0.45,0.31,2.6,0.086,21.0,50.0,0.9982,3.37,0.91,9.9,6,361
258,11.9,0.58,0.66,2.5,0.07200000000000001,6.0,37.0,0.9992,3.05,0.56,10.0,5,362
259,12.5,0.46,0.63,2.0,0.071,6.0,15.0,0.9988,2.99,0.87,10.2,5,363
260,12.8,0.615,0.66,5.8,0.083,7.0,42.0,1.0022,3.07,0.73,10.0,7,364
261,12.8,0.615,0.66,5.8,0.083,7.0,42.0,1.0022,3.07,0.73,10.0,7,366
262,10.4,0.575,0.61,2.6,0.076,11.0,24.0,1.0,3.16,0.69,9.0,5,367
263,9.4,0.27,0.53,2.4,0.07400000000000001,6.0,18.0,0.9962,3.2,1.13,12.0,7,369
264,7.9,0.24,0.4,1.6,0.055999999999999994,11.0,25.0,0.9967,3.32,0.87,8.7,6,371
265,9.1,0.28,0.48,1.8,0.067,26.0,46.0,0.9967,3.32,1.04,10.6,6,372
266,11.5,0.45,0.5,3.0,0.078,19.0,47.0,1.0003,3.26,1.11,11.0,6,376
267,9.4,0.27,0.53,2.4,0.07400000000000001,6.0,18.0,0.9962,3.2,1.13,12.0,7,377
268,11.4,0.625,0.66,6.2,0.08800000000000001,6.0,24.0,0.9988,3.11,0.99,13.3,6,378
269,8.3,0.26,0.42,2.0,0.08,11.0,27.0,0.9974,3.21,0.8,9.4,6,380
270,7.7,0.51,0.28,2.1,0.087,23.0,54.0,0.998,3.42,0.74,9.2,5,384
271,7.8,0.46,0.26,1.9,0.08800000000000001,23.0,53.0,0.9981,3.43,0.74,9.2,6,388
272,5.6,0.85,0.05,1.4,0.045,12.0,88.0,0.9924,3.56,0.82,12.9,8,390
273,13.7,0.415,0.68,2.9,0.085,17.0,43.0,1.0014,3.06,0.8,10.0,6,391
274,9.5,0.37,0.52,2.0,0.08199999999999999,6.0,26.0,0.998,3.18,0.51,9.5,5,392
275,12.0,0.37,0.76,4.2,0.066,7.0,38.0,1.0004,3.22,0.6,13.0,7,395
276,6.6,0.735,0.02,7.9,0.122,68.0,124.0,0.9994,3.47,0.53,9.9,5,396
277,11.5,0.59,0.59,2.6,0.087,13.0,49.0,0.9988,3.18,0.65,11.0,6,397
278,8.7,0.765,0.22,2.3,0.064,9.0,42.0,0.9963,3.1,0.55,9.4,5,399
279,6.6,0.735,0.02,7.9,0.122,68.0,124.0,0.9994,3.47,0.53,9.9,5,400
280,12.2,0.48,0.54,2.6,0.085,19.0,64.0,1.0,3.1,0.61,10.5,6,402
281,11.4,0.6,0.49,2.7,0.085,10.0,41.0,0.9994,3.15,0.63,10.5,6,403
282,7.7,0.69,0.05,2.7,0.075,15.0,27.0,0.9974,3.26,0.61,9.1,5,404
283,9.8,0.44,0.47,2.5,0.063,9.0,28.0,0.9981,3.24,0.65,10.8,6,406
284,12.0,0.39,0.66,3.0,0.09300000000000001,12.0,30.0,0.9996,3.18,0.63,10.8,7,407
285,12.5,0.46,0.49,4.5,0.07,26.0,49.0,0.9981,3.05,0.57,9.6,4,409
286,9.0,0.43,0.34,2.5,0.08,26.0,86.0,0.9987,3.38,0.62,9.5,6,410
287,7.1,0.735,0.16,1.9,0.1,15.0,77.0,0.9966,3.27,0.64,9.3,5,412
288,9.9,0.4,0.53,6.7,0.09699999999999999,6.0,19.0,0.9986,3.27,0.82,11.7,7,413
289,8.8,0.52,0.34,2.7,0.087,24.0,122.0,0.9982,3.26,0.61,9.5,5,414
290,8.6,0.725,0.24,6.6,0.11699999999999999,31.0,134.0,1.0014,3.32,1.07,9.3,5,415
291,10.6,0.48,0.64,2.2,0.111,6.0,20.0,0.997,3.26,0.66,11.7,6,416
292,7.0,0.58,0.12,1.9,0.091,34.0,124.0,0.9956,3.44,0.48,10.5,5,417
293,11.9,0.38,0.51,2.0,0.121,7.0,20.0,0.9996,3.24,0.76,10.4,6,418
294,6.8,0.77,0.0,1.8,0.066,34.0,52.0,0.9976,3.62,0.68,9.9,5,419
295,6.6,0.84,0.03,2.3,0.059000000000000004,32.0,48.0,0.9952,3.52,0.56,12.3,7,421
296,7.7,0.96,0.2,2.0,0.047,15.0,60.0,0.9955,3.36,0.44,10.9,5,422
297,10.5,0.24,0.47,2.1,0.066,6.0,24.0,0.9978,3.15,0.9,11.0,7,423
298,6.6,0.84,0.03,2.3,0.059000000000000004,32.0,48.0,0.9952,3.52,0.56,12.3,7,425
299,6.4,0.67,0.08,2.1,0.045,19.0,48.0,0.9949,3.49,0.49,11.4,6,426
300,9.5,0.78,0.22,1.9,0.077,6.0,32.0,0.9988,3.26,0.56,10.6,6,427
301,9.1,0.52,0.33,1.3,0.07,9.0,30.0,0.9978,3.24,0.6,9.3,5,428
302,12.8,0.84,0.63,2.4,0.08800000000000001,13.0,35.0,0.9997,3.1,0.6,10.4,6,429
303,10.5,0.24,0.47,2.1,0.066,6.0,24.0,0.9978,3.15,0.9,11.0,7,430
304,7.8,0.55,0.35,2.2,0.07400000000000001,21.0,66.0,0.9974,3.25,0.56,9.2,5,431
305,12.3,0.39,0.63,2.3,0.091,6.0,18.0,1.0004,3.16,0.49,9.5,5,433
306,10.4,0.41,0.55,3.2,0.076,22.0,54.0,0.9996,3.15,0.89,9.9,6,434
307,12.3,0.39,0.63,2.3,0.091,6.0,18.0,1.0004,3.16,0.49,9.5,5,435
308,8.0,0.67,0.3,2.0,0.06,38.0,62.0,0.9958,3.26,0.56,10.2,6,436
309,11.1,0.45,0.73,3.2,0.066,6.0,22.0,0.9986,3.17,0.66,11.2,6,437
310,7.0,0.62,0.18,1.5,0.062,7.0,50.0,0.9951,3.08,0.6,9.3,5,439
311,12.6,0.31,0.72,2.2,0.07200000000000001,6.0,29.0,0.9987,2.88,0.82,9.8,8,440
312,15.6,0.685,0.76,3.7,0.1,6.0,43.0,1.0032,2.95,0.68,11.2,7,442
313,5.3,0.57,0.01,1.7,0.054000000000000006,5.0,27.0,0.9934,3.57,0.84,12.5,7,444
314,12.5,0.38,0.6,2.6,0.081,31.0,72.0,0.9996,3.1,0.73,10.5,5,446
315,9.3,0.48,0.29,2.1,0.127,6.0,16.0,0.9968,3.22,0.72,11.2,5,447
316,8.6,0.53,0.22,2.0,0.1,7.0,27.0,0.9967,3.2,0.56,10.2,6,448
317,11.9,0.39,0.69,2.8,0.095,17.0,35.0,0.9994,3.1,0.61,10.8,6,449
318,11.9,0.39,0.69,2.8,0.095,17.0,35.0,0.9994,3.1,0.61,10.8,6,450
319,6.8,0.56,0.03,1.7,0.084,18.0,35.0,0.9968,3.44,0.63,10.0,6,452
320,10.4,0.33,0.63,2.8,0.084,5.0,22.0,0.9998,3.26,0.74,11.2,7,453
321,7.0,0.23,0.4,1.6,0.063,21.0,67.0,0.9952,3.5,0.63,11.1,5,454
322,11.3,0.62,0.67,5.2,0.086,6.0,19.0,0.9988,3.22,0.69,13.4,8,455
323,8.9,0.59,0.39,2.3,0.095,5.0,22.0,0.9986,3.37,0.58,10.3,5,456
324,9.2,0.63,0.21,2.7,0.09699999999999999,29.0,65.0,0.9988,3.28,0.58,9.6,5,457
325,11.6,0.58,0.66,2.2,0.07400000000000001,10.0,47.0,1.0008,3.25,0.57,9.0,3,459
326,9.2,0.43,0.52,2.3,0.083,14.0,23.0,0.9976,3.35,0.61,11.3,6,460
327,8.3,0.615,0.22,2.6,0.087,6.0,19.0,0.9982,3.26,0.61,9.3,5,461
328,11.5,0.315,0.54,2.1,0.084,5.0,15.0,0.9987,2.98,0.7,9.2,6,464
329,10.3,0.5,0.42,2.0,0.069,21.0,51.0,0.9982,3.16,0.72,11.5,6,466
330,8.8,0.46,0.45,2.6,0.065,7.0,18.0,0.9947,3.32,0.79,14.0,6,467
331,11.4,0.36,0.69,2.1,0.09,6.0,21.0,1.0,3.17,0.62,9.2,6,468
332,8.7,0.82,0.02,1.2,0.07,36.0,48.0,0.9952,3.2,0.58,9.8,5,469
333,13.0,0.32,0.65,2.6,0.09300000000000001,15.0,47.0,0.9996,3.05,0.61,10.6,5,470
334,9.6,0.54,0.42,2.4,0.081,25.0,52.0,0.997,3.2,0.71,11.4,6,471
335,12.5,0.37,0.55,2.6,0.083,25.0,68.0,0.9995,3.15,0.82,10.4,6,472
336,9.6,0.68,0.24,2.2,0.087,5.0,28.0,0.9988,3.14,0.6,10.2,5,475
337,9.3,0.27,0.41,2.0,0.091,6.0,16.0,0.998,3.28,0.7,9.7,5,476
338,10.4,0.24,0.49,1.8,0.075,6.0,20.0,0.9977,3.18,1.06,11.0,6,477
339,9.4,0.685,0.11,2.7,0.077,6.0,31.0,0.9984,3.19,0.7,10.1,6,479
340,10.6,0.28,0.39,15.5,0.069,6.0,23.0,1.0026,3.12,0.66,9.2,5,480
341,9.4,0.3,0.56,2.8,0.08,6.0,17.0,0.9964,3.15,0.92,11.7,8,481
342,10.6,0.36,0.6,2.2,0.152,7.0,18.0,0.9986,3.04,1.06,9.4,5,483
343,10.2,0.67,0.39,1.9,0.054000000000000006,6.0,17.0,0.9976,3.17,0.47,10.0,5,485
344,10.2,0.645,0.36,1.8,0.053,5.0,14.0,0.9982,3.17,0.42,10.0,6,487
345,9.3,0.39,0.4,2.6,0.073,10.0,26.0,0.9984,3.34,0.75,10.2,6,489
346,9.2,0.41,0.5,2.5,0.055,12.0,25.0,0.9952,3.34,0.79,13.3,7,491
347,8.9,0.4,0.51,2.6,0.052000000000000005,13.0,27.0,0.995,3.32,0.9,13.4,7,492
348,8.7,0.69,0.31,3.0,0.086,23.0,81.0,1.0002,3.48,0.74,11.6,6,493
349,6.5,0.39,0.23,8.3,0.051,28.0,91.0,0.9952,3.44,0.55,12.1,6,494
350,10.7,0.35,0.53,2.6,0.07,5.0,16.0,0.9972,3.15,0.65,11.0,8,495
351,7.8,0.52,0.25,1.9,0.081,14.0,38.0,0.9984,3.43,0.65,9.0,6,496
352,7.2,0.34,0.32,2.5,0.09,43.0,113.0,0.9966,3.32,0.79,11.1,5,497
353,10.7,0.35,0.53,2.6,0.07,5.0,16.0,0.9972,3.15,0.65,11.0,8,498
354,8.7,0.69,0.31,3.0,0.086,23.0,81.0,1.0002,3.48,0.74,11.6,6,499
355,7.8,0.52,0.25,1.9,0.081,14.0,38.0,0.9984,3.43,0.65,9.0,6,500
356,10.4,0.44,0.73,6.55,0.07400000000000001,38.0,76.0,0.9990000000000001,3.17,0.85,12.0,7,501
357,10.4,0.44,0.73,6.55,0.07400000000000001,38.0,76.0,0.9990000000000001,3.17,0.85,12.0,7,502
358,10.5,0.24,0.42,1.8,0.077,6.0,22.0,0.9976,3.21,1.05,10.8,7,504
359,10.2,0.49,0.63,2.9,0.07200000000000001,10.0,26.0,0.9968,3.16,0.78,12.5,7,505
360,10.4,0.24,0.46,1.8,0.075,6.0,21.0,0.9976,3.25,1.02,10.8,7,506
361,11.2,0.67,0.55,2.3,0.084,6.0,13.0,1.0,3.17,0.71,9.5,6,507
362,13.3,0.29,0.75,2.8,0.084,23.0,43.0,0.9986,3.04,0.68,11.4,7,509
363,10.0,0.59,0.31,2.2,0.09,26.0,62.0,0.9994,3.18,0.63,10.2,6,511
364,10.7,0.4,0.48,2.1,0.125,15.0,49.0,0.998,3.03,0.81,9.7,6,512
365,10.5,0.51,0.64,2.4,0.107,6.0,15.0,0.9973,3.09,0.66,11.8,7,513
366,10.5,0.51,0.64,2.4,0.107,6.0,15.0,0.9973,3.09,0.66,11.8,7,514
367,8.5,0.655,0.49,6.1,0.122,34.0,151.0,1.001,3.31,1.14,9.3,5,515
368,12.5,0.6,0.49,4.3,0.1,5.0,14.0,1.001,3.25,0.74,11.9,6,516
369,10.4,0.61,0.49,2.1,0.2,5.0,16.0,0.9994,3.16,0.63,8.4,3,517
370,9.8,0.25,0.49,2.7,0.08800000000000001,15.0,33.0,0.9982,3.42,0.9,10.0,6,520
371,9.3,0.4,0.49,2.5,0.085,38.0,142.0,0.9978,3.22,0.55,9.4,5,523
372,9.2,0.43,0.49,2.4,0.086,23.0,116.0,0.9976,3.23,0.64,9.5,5,524
373,7.0,0.38,0.49,2.5,0.09699999999999999,33.0,85.0,0.9962,3.39,0.77,11.4,6,527
374,9.9,0.63,0.24,2.4,0.077,6.0,33.0,0.9974,3.09,0.57,9.4,5,529
375,9.1,0.22,0.24,2.1,0.078,1.0,28.0,0.9990000000000001,3.41,0.87,10.3,6,530
376,11.9,0.38,0.49,2.7,0.098,12.0,42.0,1.0004,3.16,0.61,10.3,5,531
377,11.9,0.38,0.49,2.7,0.098,12.0,42.0,1.0004,3.16,0.61,10.3,5,532
378,10.3,0.27,0.24,2.1,0.07200000000000001,15.0,33.0,0.9956,3.22,0.66,12.8,6,533
379,10.0,0.48,0.24,2.7,0.102,13.0,32.0,1.0,3.28,0.56,10.0,6,534
380,9.1,0.22,0.24,2.1,0.078,1.0,28.0,0.9990000000000001,3.41,0.87,10.3,6,535
381,9.9,0.63,0.24,2.4,0.077,6.0,33.0,0.9974,3.09,0.57,9.4,5,536
382,8.1,0.825,0.24,2.1,0.084,5.0,13.0,0.9972,3.37,0.77,10.7,6,537
383,12.9,0.35,0.49,5.8,0.066,5.0,35.0,1.0014,3.2,0.66,12.0,7,538
384,11.2,0.5,0.74,5.15,0.1,5.0,17.0,0.9996,3.22,0.62,11.2,5,539
385,9.2,0.59,0.24,3.3,0.10099999999999999,20.0,47.0,0.9988,3.26,0.67,9.6,5,540
386,9.5,0.46,0.49,6.3,0.064,5.0,17.0,0.9988,3.21,0.73,11.0,6,541
387,9.3,0.715,0.24,2.1,0.07,5.0,20.0,0.9966,3.12,0.59,9.9,5,542
388,11.2,0.66,0.24,2.5,0.085,16.0,53.0,0.9993,3.06,0.72,11.0,6,543
389,14.3,0.31,0.74,1.8,0.075,6.0,15.0,1.0008,2.86,0.79,8.4,6,544
390,9.1,0.47,0.49,2.6,0.094,38.0,106.0,0.9982,3.08,0.59,9.1,5,545
391,7.5,0.55,0.24,2.0,0.078,10.0,28.0,0.9983,3.45,0.78,9.5,6,546
392,10.6,0.31,0.49,2.5,0.067,6.0,21.0,0.9987,3.26,0.86,10.7,6,547
393,12.4,0.35,0.49,2.6,0.079,27.0,69.0,0.9994,3.12,0.75,10.4,6,548
394,6.8,0.51,0.01,2.1,0.07400000000000001,9.0,25.0,0.9958,3.33,0.56,9.5,6,550
395,9.4,0.43,0.24,2.8,0.092,14.0,45.0,0.998,3.19,0.73,10.0,6,551
396,9.5,0.46,0.24,2.7,0.092,14.0,44.0,0.998,3.12,0.74,10.0,6,552
397,5.0,1.04,0.24,1.6,0.05,32.0,96.0,0.9934,3.74,0.62,11.5,5,553
398,15.5,0.645,0.49,4.2,0.095,10.0,23.0,1.00315,2.92,0.74,11.1,5,554
399,10.9,0.53,0.49,4.6,0.11800000000000001,10.0,17.0,1.0002,3.07,0.56,11.7,6,556
400,15.6,0.645,0.49,4.2,0.095,10.0,23.0,1.00315,2.92,0.74,11.1,5,557
401,13.0,0.47,0.49,4.3,0.085,6.0,47.0,1.0021,3.3,0.68,12.7,6,559
402,12.7,0.6,0.49,2.8,0.075,5.0,19.0,0.9994,3.14,0.57,11.4,5,560
403,9.0,0.54,0.49,2.9,0.094,41.0,110.0,0.9982,3.08,0.61,9.2,5,562
404,7.6,0.29,0.49,2.7,0.092,25.0,60.0,0.9971,3.31,0.61,10.1,6,563
405,13.0,0.47,0.49,4.3,0.085,6.0,47.0,1.0021,3.3,0.68,12.7,6,564
406,12.7,0.6,0.49,2.8,0.075,5.0,19.0,0.9994,3.14,0.57,11.4,5,565
407,8.7,0.7,0.24,2.5,0.226,5.0,15.0,0.9991,3.32,0.6,9.0,6,567
408,9.8,0.5,0.49,2.6,0.25,5.0,20.0,0.9990000000000001,3.31,0.79,10.7,6,568
409,6.2,0.36,0.24,2.2,0.095,19.0,42.0,0.9946,3.57,0.57,11.7,6,569
410,11.5,0.35,0.49,3.3,0.07,10.0,37.0,1.0003,3.32,0.91,11.0,6,570
411,10.2,0.24,0.49,2.4,0.075,10.0,28.0,0.9978,3.14,0.61,10.4,5,572
412,9.9,0.5,0.24,2.3,0.10300000000000001,6.0,14.0,0.9978,3.34,0.52,10.0,4,576
413,8.8,0.44,0.49,2.8,0.083,18.0,111.0,0.9982,3.3,0.6,9.5,5,577
414,8.8,0.47,0.49,2.9,0.085,17.0,110.0,0.9982,3.29,0.6,9.8,5,578
415,10.6,0.31,0.49,2.2,0.063,18.0,40.0,0.9976,3.14,0.51,9.8,6,579
416,12.3,0.5,0.49,2.2,0.08900000000000001,5.0,14.0,1.0002,3.19,0.44,9.6,5,580
417,12.3,0.5,0.49,2.2,0.08900000000000001,5.0,14.0,1.0002,3.19,0.44,9.6,5,581
418,12.0,0.28,0.49,1.9,0.07400000000000001,10.0,21.0,0.9976,2.98,0.66,9.9,7,583
419,7.3,0.73,0.24,1.9,0.10800000000000001,18.0,102.0,0.9967,3.26,0.59,9.3,5,587
420,5.0,0.42,0.24,2.0,0.06,19.0,50.0,0.9917,3.72,0.74,14.0,8,588
421,9.0,0.45,0.49,2.6,0.084,21.0,75.0,0.9987,3.35,0.57,9.7,5,590
422,6.6,0.39,0.49,1.7,0.07,23.0,149.0,0.9922,3.12,0.5,11.5,6,591
423,9.0,0.45,0.49,2.6,0.084,21.0,75.0,0.9987,3.35,0.57,9.7,5,592
424,9.9,0.49,0.58,3.5,0.094,9.0,43.0,1.0004,3.29,0.58,9.0,5,593
425,8.9,0.595,0.41,7.9,0.086,30.0,109.0,0.9998,3.27,0.57,9.3,5,595
426,12.4,0.4,0.51,2.0,0.059000000000000004,6.0,24.0,0.9994,3.04,0.6,9.3,6,596
427,8.5,0.585,0.18,2.1,0.078,5.0,30.0,0.9967,3.2,0.48,9.8,6,598
428,7.7,0.835,0.0,2.6,0.081,6.0,14.0,0.9975,3.3,0.52,9.3,5,602
429,8.3,0.58,0.13,2.9,0.096,14.0,63.0,0.9984,3.17,0.62,9.1,6,604
430,8.8,0.48,0.41,3.3,0.092,26.0,52.0,0.9982,3.31,0.53,10.5,6,607
431,10.1,0.65,0.37,5.1,0.11,11.0,65.0,1.0026,3.32,0.64,10.4,6,608
432,6.3,0.36,0.19,3.2,0.075,15.0,39.0,0.9956,3.56,0.52,12.7,6,609
433,8.8,0.24,0.54,2.5,0.083,25.0,57.0,0.9983,3.39,0.54,9.2,5,610
434,13.2,0.38,0.55,2.7,0.081,5.0,16.0,1.0006,2.98,0.54,9.4,5,611
435,7.5,0.64,0.0,2.4,0.077,18.0,29.0,0.9965,3.32,0.6,10.0,6,612
436,9.6,0.6,0.5,2.3,0.079,28.0,71.0,0.9997,3.5,0.57,9.7,5,616
437,11.5,0.31,0.51,2.2,0.079,14.0,28.0,0.9982,3.03,0.93,9.8,6,617
438,11.3,0.37,0.41,2.3,0.08800000000000001,6.0,16.0,0.9988,3.09,0.8,9.3,5,619
439,8.3,0.54,0.24,3.4,0.076,16.0,112.0,0.9976,3.27,0.61,9.4,5,620
440,8.2,0.56,0.23,3.4,0.078,14.0,104.0,0.9976,3.28,0.62,9.4,5,621
441,10.0,0.58,0.22,1.9,0.08,9.0,32.0,0.9974,3.13,0.55,9.5,5,622
442,6.8,0.69,0.0,5.6,0.124,21.0,58.0,0.9997,3.46,0.72,10.2,5,625
443,8.8,0.6,0.29,2.2,0.098,5.0,15.0,0.9988,3.36,0.49,9.1,5,626
444,8.8,0.6,0.29,2.2,0.098,5.0,15.0,0.9988,3.36,0.49,9.1,5,627
445,8.7,0.54,0.26,2.5,0.09699999999999999,7.0,31.0,0.9976,3.27,0.6,9.3,6,628
446,7.6,0.685,0.23,2.3,0.111,20.0,84.0,0.9964,3.21,0.61,9.3,5,629
447,8.7,0.54,0.26,2.5,0.09699999999999999,7.0,31.0,0.9976,3.27,0.6,9.3,6,630
448,10.4,0.28,0.54,2.7,0.105,5.0,19.0,0.9988,3.25,0.63,9.5,5,631
449,7.6,0.41,0.14,3.0,0.087,21.0,43.0,0.9964,3.32,0.57,10.5,6,632
450,10.1,0.935,0.22,3.4,0.105,11.0,86.0,1.001,3.43,0.64,11.3,4,633
451,7.9,0.35,0.21,1.9,0.073,46.0,102.0,0.9964,3.27,0.58,9.5,5,634
452,8.7,0.84,0.0,1.4,0.065,24.0,33.0,0.9954,3.27,0.55,9.7,5,635
453,9.6,0.88,0.28,2.4,0.086,30.0,147.0,0.9979,3.24,0.53,9.4,5,636
454,9.5,0.885,0.27,2.3,0.084,31.0,145.0,0.9978,3.24,0.53,9.4,5,637
455,8.9,0.29,0.35,1.9,0.067,25.0,57.0,0.997,3.18,1.36,10.3,6,639
456,9.9,0.54,0.45,2.3,0.071,16.0,40.0,0.9991,3.39,0.62,9.4,5,640
457,9.9,0.54,0.45,2.3,0.071,16.0,40.0,0.9991,3.39,0.62,9.4,5,642
458,9.9,0.54,0.45,2.3,0.071,16.0,40.0,0.9991,3.39,0.62,9.4,5,644
459,8.3,0.845,0.01,2.2,0.07,5.0,14.0,0.9967,3.32,0.58,11.0,4,647
460,8.7,0.48,0.3,2.8,0.066,10.0,28.0,0.9964,3.33,0.67,11.2,7,648
461,6.7,0.42,0.27,8.6,0.068,24.0,148.0,0.9948,3.16,0.57,11.3,6,649
462,10.7,0.43,0.39,2.2,0.106,8.0,32.0,0.9986,2.89,0.5,9.6,5,650
463,15.9,0.36,0.65,7.5,0.096,22.0,71.0,0.9976,2.98,0.84,14.9,5,652
464,9.4,0.33,0.59,2.8,0.079,9.0,30.0,0.9976,3.12,0.54,12.0,6,653
465,8.6,0.47,0.47,2.4,0.07400000000000001,7.0,29.0,0.9979,3.08,0.46,9.5,5,654
466,9.7,0.55,0.17,2.9,0.087,20.0,53.0,1.0004,3.14,0.61,9.4,5,655
467,10.7,0.43,0.39,2.2,0.106,8.0,32.0,0.9986,2.89,0.5,9.6,5,656
468,12.0,0.5,0.59,1.4,0.073,23.0,42.0,0.998,2.92,0.68,10.5,7,657
469,7.2,0.52,0.07,1.4,0.07400000000000001,5.0,20.0,0.9973,3.32,0.81,9.6,6,658
470,7.2,0.52,0.07,1.4,0.07400000000000001,5.0,20.0,0.9973,3.32,0.81,9.6,6,660
471,7.5,0.42,0.31,1.6,0.08,15.0,42.0,0.9978,3.31,0.64,9.0,5,661
472,7.2,0.57,0.06,1.6,0.076,9.0,27.0,0.9972,3.36,0.7,9.6,6,662
473,9.4,0.59,0.14,2.0,0.084,25.0,48.0,0.9981,3.14,0.56,9.7,5,665
474,8.3,0.49,0.36,1.8,0.222,6.0,16.0,0.998,3.18,0.6,9.5,6,666
475,11.3,0.34,0.45,2.0,0.08199999999999999,6.0,15.0,0.9988,2.94,0.66,9.2,6,667
476,11.3,0.34,0.45,2.0,0.08199999999999999,6.0,15.0,0.9988,2.94,0.66,9.2,6,669
477,8.2,0.73,0.21,1.7,0.07400000000000001,5.0,13.0,0.9968,3.2,0.52,9.5,5,671
478,8.2,0.73,0.21,1.7,0.07400000000000001,5.0,13.0,0.9968,3.2,0.52,9.5,5,673
479,10.8,0.4,0.41,2.2,0.084,7.0,17.0,0.9984,3.08,0.67,9.3,6,676
480,8.6,0.8,0.11,2.3,0.084,12.0,31.0,0.9979,3.4,0.48,9.9,5,677
481,8.3,0.78,0.1,2.6,0.081,45.0,87.0,0.9983,3.48,0.53,10.0,5,678
482,10.8,0.26,0.45,3.3,0.06,20.0,49.0,0.9972,3.13,0.54,9.6,5,679
483,8.0,0.45,0.23,2.2,0.094,16.0,29.0,0.9962,3.21,0.49,10.2,6,681
484,8.5,0.46,0.31,2.25,0.078,32.0,58.0,0.998,3.33,0.54,9.8,5,682
485,8.1,0.78,0.23,2.6,0.059000000000000004,5.0,15.0,0.997,3.37,0.56,11.3,5,683
486,9.8,0.98,0.32,2.3,0.078,35.0,152.0,0.998,3.25,0.48,9.4,5,684
487,8.1,0.78,0.23,2.6,0.059000000000000004,5.0,15.0,0.997,3.37,0.56,11.3,5,685
488,7.7,0.66,0.04,1.6,0.039,4.0,9.0,0.9962,3.4,0.47,9.4,5,688
489,8.1,0.38,0.48,1.8,0.157,5.0,17.0,0.9976,3.3,1.05,9.4,5,689
490,9.2,0.92,0.24,2.6,0.087,12.0,93.0,0.9998,3.48,0.54,9.8,5,691
491,8.6,0.49,0.51,2.0,0.42200000000000004,16.0,62.0,0.9979,3.03,1.17,9.0,5,692
492,9.0,0.48,0.32,2.8,0.084,21.0,122.0,0.9984,3.32,0.62,9.4,5,693
493,9.0,0.47,0.31,2.7,0.084,24.0,125.0,0.9984,3.31,0.61,9.4,5,694
494,5.1,0.47,0.02,1.3,0.034,18.0,44.0,0.9921,3.9,0.62,12.8,6,695
495,7.0,0.65,0.02,2.1,0.066,8.0,25.0,0.9972,3.47,0.67,9.5,6,697
496,9.4,0.615,0.28,3.2,0.087,18.0,72.0,1.0001,3.31,0.53,9.7,5,698
497,11.8,0.38,0.55,2.1,0.071,5.0,19.0,0.9986,3.11,0.62,10.8,6,699
498,10.6,1.02,0.43,2.9,0.076,26.0,88.0,0.9984,3.08,0.57,10.1,6,700
499,7.0,0.65,0.02,2.1,0.066,8.0,25.0,0.9972,3.47,0.67,9.5,6,701
500,7.0,0.64,0.02,2.1,0.067,9.0,23.0,0.997,3.47,0.67,9.4,6,702
501,7.5,0.38,0.48,2.6,0.073,22.0,84.0,0.9972,3.32,0.7,9.6,4,703
502,9.1,0.765,0.04,1.6,0.078,4.0,14.0,0.998,3.29,0.54,9.7,4,704
503,8.4,1.035,0.15,6.0,0.073,11.0,54.0,0.9990000000000001,3.37,0.49,9.9,5,705
504,7.0,0.78,0.08,2.0,0.09300000000000001,10.0,19.0,0.9956,3.4,0.47,10.0,5,706
505,7.4,0.49,0.19,3.0,0.077,16.0,37.0,0.9966,3.37,0.51,10.5,5,707
506,7.8,0.545,0.12,2.5,0.068,11.0,35.0,0.996,3.34,0.61,11.6,6,708
507,10.6,1.025,0.43,2.8,0.08,21.0,84.0,0.9985,3.06,0.57,10.1,5,710
508,8.9,0.565,0.34,3.0,0.09300000000000001,16.0,112.0,0.9998,3.38,0.61,9.5,5,711
509,9.9,0.74,0.28,2.6,0.078,21.0,77.0,0.998,3.28,0.51,9.8,5,714
510,7.6,0.46,0.11,2.6,0.079,12.0,49.0,0.9968,3.21,0.57,10.0,5,717
511,8.4,0.56,0.04,2.0,0.08199999999999999,10.0,22.0,0.9976,3.22,0.44,9.6,5,718
512,7.1,0.66,0.0,3.9,0.086,17.0,45.0,0.9976,3.46,0.54,9.5,5,719
513,8.4,0.56,0.04,2.0,0.08199999999999999,10.0,22.0,0.9976,3.22,0.44,9.6,5,720
514,8.9,0.48,0.24,2.85,0.094,35.0,106.0,0.9982,3.1,0.53,9.2,5,721
515,7.1,0.31,0.3,2.2,0.053,36.0,127.0,0.9965,2.94,1.62,9.5,5,723
516,9.0,0.66,0.17,3.0,0.077,5.0,13.0,0.9976,3.29,0.55,10.4,5,725
517,8.1,0.72,0.09,2.8,0.084,18.0,49.0,0.9994,3.43,0.72,11.1,6,726
518,6.4,0.57,0.02,1.8,0.067,4.0,11.0,0.997,3.46,0.68,9.5,5,727
519,6.4,0.57,0.02,1.8,0.067,4.0,11.0,0.997,3.46,0.68,9.5,5,728
520,6.4,0.865,0.03,3.2,0.071,27.0,58.0,0.995,3.61,0.49,12.7,6,729
521,9.5,0.55,0.66,2.3,0.387,12.0,37.0,0.9982,3.17,0.67,9.6,5,730
522,8.9,0.875,0.13,3.45,0.08800000000000001,4.0,14.0,0.9994,3.44,0.52,11.5,5,731
523,7.3,0.835,0.03,2.1,0.092,10.0,19.0,0.9966,3.39,0.47,9.6,5,732
524,7.0,0.45,0.34,2.7,0.08199999999999999,16.0,72.0,0.998,3.55,0.6,9.5,5,733
525,7.7,0.56,0.2,2.0,0.075,9.0,39.0,0.9987,3.48,0.62,9.3,5,734
526,7.7,0.965,0.1,2.1,0.11199999999999999,11.0,22.0,0.9963,3.26,0.5,9.5,5,736
527,8.2,0.59,0.0,2.5,0.09300000000000001,19.0,58.0,1.0002,3.5,0.65,9.3,6,737
528,9.0,0.69,0.0,2.4,0.08800000000000001,19.0,38.0,0.9990000000000001,3.35,0.6,9.3,5,739
529,8.3,0.76,0.29,4.2,0.075,12.0,16.0,0.9965,3.45,0.68,11.5,6,740
530,9.2,0.53,0.24,2.6,0.078,28.0,139.0,0.9978799999999999,3.21,0.57,9.5,5,741
531,11.1,0.39,0.54,2.7,0.095,21.0,101.0,1.0001,3.13,0.51,9.5,5,744
532,7.3,0.51,0.18,2.1,0.07,12.0,28.0,0.9976799999999999,3.52,0.73,9.5,6,745
533,8.2,0.34,0.38,2.5,0.08,12.0,57.0,0.9978,3.3,0.47,9.0,6,746
534,7.2,0.5,0.18,2.1,0.071,12.0,31.0,0.99761,3.52,0.72,9.6,6,748
535,7.3,0.51,0.18,2.1,0.07,12.0,28.0,0.9976799999999999,3.52,0.73,9.5,6,749
536,8.3,0.65,0.1,2.9,0.08900000000000001,17.0,40.0,0.99803,3.29,0.55,9.5,5,750
537,7.6,0.54,0.13,2.5,0.09699999999999999,24.0,66.0,0.99785,3.39,0.61,9.4,5,752
538,8.3,0.65,0.1,2.9,0.08900000000000001,17.0,40.0,0.99803,3.29,0.55,9.5,5,753
539,7.8,0.48,0.68,1.7,0.415,14.0,32.0,0.99656,3.09,1.06,9.1,6,754
540,7.8,0.91,0.07,1.9,0.057999999999999996,22.0,47.0,0.99525,3.51,0.43,10.7,6,755
541,6.3,0.98,0.01,2.0,0.057,15.0,33.0,0.9948799999999999,3.6,0.46,11.2,6,756
542,8.1,0.87,0.0,2.2,0.084,10.0,31.0,0.99656,3.25,0.5,9.8,5,757
543,8.1,0.87,0.0,2.2,0.084,10.0,31.0,0.99656,3.25,0.5,9.8,5,758
544,8.8,0.42,0.21,2.5,0.092,33.0,88.0,0.99823,3.19,0.52,9.2,5,759
545,9.0,0.58,0.25,2.8,0.075,9.0,104.0,0.99779,3.23,0.57,9.7,5,760
546,9.3,0.655,0.26,2.0,0.096,5.0,35.0,0.9973799999999999,3.25,0.42,9.6,5,761
547,8.8,0.7,0.0,1.7,0.069,8.0,19.0,0.9970100000000001,3.31,0.53,10.0,6,762
548,9.1,0.68,0.11,2.8,0.09300000000000001,11.0,44.0,0.9988799999999999,3.31,0.55,9.5,6,764
549,9.2,0.67,0.1,3.0,0.091,12.0,48.0,0.9988799999999999,3.31,0.54,9.5,6,765
550,8.8,0.59,0.18,2.9,0.08900000000000001,12.0,74.0,0.9973799999999999,3.14,0.54,9.4,5,766
551,7.1,0.59,0.02,2.3,0.08199999999999999,24.0,94.0,0.99744,3.55,0.53,9.7,6,768
552,7.9,0.72,0.01,1.9,0.076,7.0,32.0,0.9966799999999999,3.39,0.54,9.6,5,769
553,7.1,0.59,0.02,2.3,0.08199999999999999,24.0,94.0,0.99744,3.55,0.53,9.7,6,770
554,9.4,0.685,0.26,2.4,0.08199999999999999,23.0,143.0,0.9978,3.28,0.55,9.4,5,771
555,9.5,0.57,0.27,2.3,0.08199999999999999,23.0,144.0,0.99782,3.27,0.55,9.4,5,772
556,7.9,0.4,0.29,1.8,0.157,1.0,44.0,0.9973,3.3,0.92,9.5,6,773
557,7.2,1.0,0.0,3.0,0.102,7.0,16.0,0.9958600000000001,3.43,0.46,10.0,5,775
558,6.9,0.635,0.17,2.4,0.24100000000000002,6.0,18.0,0.9961,3.4,0.59,10.3,6,777
559,8.3,0.43,0.3,3.4,0.079,7.0,34.0,0.9978799999999999,3.36,0.61,10.5,5,778
560,7.1,0.52,0.03,2.6,0.076,21.0,92.0,0.99745,3.5,0.6,9.8,5,779
561,7.0,0.57,0.0,2.0,0.19,12.0,45.0,0.9967600000000001,3.31,0.6,9.4,6,780
562,6.5,0.46,0.14,2.4,0.114,9.0,37.0,0.9973200000000001,3.66,0.65,9.8,5,781
563,7.1,0.59,0.01,2.5,0.077,20.0,85.0,0.99746,3.55,0.59,9.8,5,784
564,9.9,0.35,0.41,2.3,0.083,11.0,61.0,0.9982,3.21,0.5,9.5,5,785
565,10.0,0.56,0.24,2.2,0.079,19.0,58.0,0.9991,3.18,0.56,10.1,6,787
566,10.0,0.56,0.24,2.2,0.079,19.0,58.0,0.9991,3.18,0.56,10.1,6,788
567,8.6,0.63,0.17,2.9,0.099,21.0,119.0,0.998,3.09,0.52,9.3,5,789
568,7.4,0.37,0.43,2.6,0.08199999999999999,18.0,82.0,0.99708,3.33,0.68,9.7,6,790
569,8.8,0.64,0.17,2.9,0.084,25.0,130.0,0.99818,3.23,0.54,9.6,5,791
570,7.1,0.61,0.02,2.5,0.081,17.0,87.0,0.99745,3.48,0.6,9.7,6,792
571,7.7,0.6,0.0,2.6,0.055,7.0,13.0,0.99639,3.38,0.56,10.8,5,793
572,10.1,0.27,0.54,2.3,0.065,7.0,26.0,0.99531,3.17,0.53,12.5,6,794
573,10.8,0.89,0.3,2.6,0.132,7.0,60.0,0.9978600000000001,2.99,1.18,10.2,5,795
574,8.7,0.46,0.31,2.5,0.126,24.0,64.0,0.99746,3.1,0.74,9.6,5,796
575,9.3,0.37,0.44,1.6,0.038,21.0,42.0,0.99526,3.24,0.81,10.8,7,797
576,9.4,0.5,0.34,3.6,0.08199999999999999,5.0,14.0,0.9987,3.29,0.52,10.7,6,799
577,8.6,0.55,0.09,3.3,0.068,8.0,17.0,0.99735,3.23,0.44,10.0,5,801
578,5.1,0.585,0.0,1.7,0.044000000000000004,14.0,86.0,0.99264,3.56,0.94,12.9,7,802
579,7.7,0.56,0.08,2.5,0.114,14.0,46.0,0.9971,3.24,0.66,9.6,6,803
580,8.4,0.52,0.22,2.7,0.084,4.0,18.0,0.99682,3.26,0.57,9.9,6,804
581,8.4,0.25,0.39,2.0,0.040999999999999995,4.0,10.0,0.9938600000000001,3.27,0.71,12.5,7,806
582,7.4,0.53,0.12,1.9,0.165,4.0,12.0,0.99702,3.26,0.86,9.2,5,808
583,7.6,0.48,0.31,2.8,0.07,4.0,15.0,0.9969299999999999,3.22,0.55,10.3,6,809
584,7.3,0.49,0.1,2.6,0.068,4.0,14.0,0.9956200000000001,3.3,0.47,10.5,5,810
585,12.9,0.5,0.55,2.8,0.07200000000000001,7.0,24.0,1.0001200000000001,3.09,0.68,10.9,6,811
586,6.9,0.39,0.24,2.1,0.102,4.0,7.0,0.9946200000000001,3.44,0.58,11.4,4,813
587,12.6,0.41,0.54,2.8,0.10300000000000001,19.0,41.0,0.99939,3.21,0.76,11.3,6,814
588,9.1,0.66,0.15,3.2,0.09699999999999999,9.0,59.0,0.99976,3.28,0.54,9.6,5,819
589,7.0,0.685,0.0,1.9,0.099,9.0,22.0,0.9960600000000001,3.34,0.6,9.7,5,820
590,4.9,0.42,0.0,2.1,0.048,16.0,42.0,0.99154,3.71,0.74,14.0,7,821
591,6.7,0.54,0.13,2.0,0.076,15.0,36.0,0.9973,3.61,0.64,9.8,5,823
592,7.1,0.48,0.28,2.8,0.068,6.0,16.0,0.99682,3.24,0.53,10.3,5,824
593,7.5,0.27,0.34,2.3,0.05,4.0,8.0,0.9951,3.4,0.64,11.0,7,826
594,7.1,0.46,0.14,2.8,0.076,15.0,37.0,0.99624,3.36,0.49,10.7,5,827
595,7.5,0.685,0.07,2.5,0.057999999999999996,5.0,9.0,0.9963200000000001,3.38,0.55,10.9,4,830
596,5.9,0.61,0.08,2.1,0.071,16.0,24.0,0.9937600000000001,3.56,0.77,11.1,6,831
597,11.6,0.47,0.44,1.6,0.147,36.0,51.0,0.99836,3.38,0.86,9.9,4,833
598,6.7,0.28,0.28,2.4,0.012,36.0,100.0,0.99064,3.26,0.39,11.7,7,836
599,6.7,0.28,0.28,2.4,0.012,36.0,100.0,0.99064,3.26,0.39,11.7,7,837
600,10.1,0.31,0.35,1.6,0.075,9.0,28.0,0.99672,3.24,0.83,11.2,7,838
601,6.6,0.66,0.0,3.0,0.115,21.0,31.0,0.99629,3.45,0.63,10.3,5,841
602,10.6,0.5,0.45,2.6,0.11900000000000001,34.0,68.0,0.99708,3.23,0.72,10.9,6,842
603,7.1,0.685,0.35,2.0,0.08800000000000001,9.0,92.0,0.9963,3.28,0.62,9.4,5,843
604,6.4,0.64,0.21,1.8,0.081,14.0,31.0,0.9968899999999999,3.59,0.66,9.8,5,846
605,7.4,0.68,0.16,1.8,0.078,12.0,39.0,0.9977,3.5,0.7,9.9,6,847
606,6.4,0.64,0.21,1.8,0.081,14.0,31.0,0.9968899999999999,3.59,0.66,9.8,5,848
607,9.3,0.43,0.44,1.9,0.085,9.0,22.0,0.99708,3.28,0.55,9.5,5,850
608,9.3,0.43,0.44,1.9,0.085,9.0,22.0,0.99708,3.28,0.55,9.5,5,851
609,9.3,0.36,0.39,1.5,0.08,41.0,55.0,0.9965200000000001,3.47,0.73,10.9,6,853
610,9.3,0.36,0.39,1.5,0.08,41.0,55.0,0.9965200000000001,3.47,0.73,10.9,6,854
611,9.3,0.36,0.39,1.5,0.08,41.0,55.0,0.9965200000000001,3.47,0.73,10.9,6,856
612,8.2,0.26,0.34,2.5,0.073,16.0,47.0,0.9959399999999999,3.4,0.78,11.3,7,857
613,11.7,0.28,0.47,1.7,0.054000000000000006,17.0,32.0,0.9968600000000001,3.15,0.67,10.6,7,858
614,7.2,0.62,0.06,2.7,0.077,15.0,85.0,0.99746,3.51,0.54,9.5,5,860
615,7.5,0.42,0.32,2.7,0.067,7.0,25.0,0.9962799999999999,3.24,0.44,10.4,5,862
616,7.2,0.62,0.06,2.5,0.078,17.0,84.0,0.99746,3.51,0.53,9.7,5,863
617,7.2,0.635,0.07,2.6,0.077,16.0,86.0,0.9974799999999999,3.51,0.54,9.7,5,865
618,6.9,0.56,0.03,1.5,0.086,36.0,46.0,0.9952200000000001,3.53,0.57,10.6,5,871
619,7.3,0.35,0.24,2.0,0.067,28.0,48.0,0.9957600000000001,3.43,0.54,10.0,4,872
620,8.8,0.31,0.4,2.8,0.109,7.0,16.0,0.9961399999999999,3.31,0.79,11.8,7,875
621,7.7,0.715,0.01,2.1,0.064,31.0,43.0,0.99371,3.41,0.57,11.8,6,877
622,7.6,0.715,0.0,2.1,0.068,30.0,35.0,0.9953299999999999,3.48,0.65,11.4,6,881
623,8.4,0.31,0.29,3.1,0.19399999999999998,14.0,26.0,0.99536,3.22,0.78,12.0,6,882
624,8.8,0.61,0.19,4.0,0.094,30.0,69.0,0.99787,3.22,0.5,10.0,6,884
625,8.9,0.75,0.14,2.5,0.086,9.0,30.0,0.99824,3.34,0.64,10.5,5,885
626,9.0,0.8,0.12,2.4,0.083,8.0,28.0,0.99836,3.33,0.65,10.4,6,886
627,6.8,0.57,0.0,2.5,0.07200000000000001,32.0,64.0,0.9949100000000001,3.43,0.56,11.2,6,888
628,10.7,0.9,0.34,6.6,0.11199999999999999,23.0,99.0,1.00289,3.22,0.68,9.3,5,889
629,7.2,0.66,0.03,2.3,0.078,16.0,86.0,0.9974299999999999,3.53,0.57,9.7,5,891
630,10.1,0.45,0.23,1.9,0.08199999999999999,10.0,18.0,0.99774,3.22,0.65,9.3,6,892
631,7.2,0.66,0.03,2.3,0.078,16.0,86.0,0.9974299999999999,3.53,0.57,9.7,5,893
632,7.2,0.63,0.03,2.2,0.08,17.0,88.0,0.99745,3.53,0.58,9.8,6,894
633,7.1,0.59,0.01,2.3,0.08,27.0,43.0,0.9955,3.42,0.58,10.7,6,895
634,8.3,0.31,0.39,2.4,0.078,17.0,43.0,0.99444,3.31,0.77,12.5,7,896
635,7.1,0.59,0.01,2.3,0.08,27.0,43.0,0.9955,3.42,0.58,10.7,6,897
636,8.3,0.31,0.39,2.4,0.078,17.0,43.0,0.99444,3.31,0.77,12.5,7,898
637,8.9,0.31,0.36,2.6,0.055999999999999994,10.0,39.0,0.9956200000000001,3.4,0.69,11.8,5,900
638,7.4,0.635,0.1,2.4,0.08,16.0,33.0,0.99736,3.58,0.69,10.8,7,901
639,7.4,0.635,0.1,2.4,0.08,16.0,33.0,0.99736,3.58,0.69,10.8,7,902
640,6.8,0.59,0.06,6.0,0.06,11.0,18.0,0.9962,3.41,0.59,10.8,7,904
641,7.2,0.54,0.27,2.6,0.084,12.0,78.0,0.9964,3.39,0.71,11.0,5,906
642,6.1,0.56,0.0,2.2,0.079,6.0,9.0,0.9948,3.59,0.54,11.5,6,907
643,7.4,0.52,0.13,2.4,0.078,34.0,61.0,0.9952799999999999,3.43,0.59,10.8,6,908
644,9.3,0.38,0.48,3.8,0.132,3.0,11.0,0.99577,3.23,0.57,13.2,6,910
645,9.1,0.28,0.46,9.0,0.114,3.0,9.0,0.9990100000000001,3.18,0.6,10.9,6,911
646,10.0,0.46,0.44,2.9,0.065,4.0,8.0,0.99674,3.33,0.62,12.2,6,912
647,8.6,0.315,0.4,2.2,0.079,3.0,6.0,0.9951200000000001,3.27,0.67,11.9,6,915
648,5.3,0.715,0.19,1.5,0.161,7.0,62.0,0.99395,3.62,0.61,11.0,5,916
649,6.8,0.41,0.31,8.8,0.084,26.0,45.0,0.99824,3.38,0.64,10.1,6,917
650,8.4,0.36,0.32,2.2,0.081,32.0,79.0,0.9964,3.3,0.72,11.0,6,918
651,8.4,0.62,0.12,1.8,0.07200000000000001,38.0,46.0,0.9950399999999999,3.38,0.89,11.8,6,919
652,9.6,0.41,0.37,2.3,0.091,10.0,23.0,0.9978600000000001,3.24,0.56,10.5,5,920
653,8.4,0.62,0.12,1.8,0.07200000000000001,38.0,46.0,0.9950399999999999,3.38,0.89,11.8,6,922
654,8.6,0.47,0.27,2.3,0.055,14.0,28.0,0.99516,3.18,0.8,11.2,5,924
655,8.6,0.22,0.36,1.9,0.064,53.0,77.0,0.9960399999999999,3.47,0.87,11.0,7,925
656,9.4,0.24,0.33,2.3,0.061,52.0,73.0,0.9978600000000001,3.47,0.9,10.2,6,926
657,8.4,0.67,0.19,2.2,0.09300000000000001,11.0,75.0,0.99736,3.2,0.59,9.2,4,927
658,8.6,0.47,0.27,2.3,0.055,14.0,28.0,0.99516,3.18,0.8,11.2,5,928
659,8.7,0.33,0.38,3.3,0.063,10.0,19.0,0.9946799999999999,3.3,0.73,12.0,7,929
660,7.4,0.61,0.01,2.0,0.07400000000000001,13.0,38.0,0.9974799999999999,3.48,0.65,9.8,5,931
661,7.6,0.4,0.29,1.9,0.078,29.0,66.0,0.9971,3.45,0.59,9.5,6,932
662,6.6,0.61,0.01,1.9,0.08,8.0,25.0,0.99746,3.69,0.73,10.5,5,934
663,8.8,0.3,0.38,2.3,0.06,19.0,72.0,0.9954299999999999,3.39,0.72,11.8,6,936
664,6.2,0.46,0.17,1.6,0.073,7.0,11.0,0.99425,3.61,0.54,11.4,5,939
665,9.9,0.27,0.49,5.0,0.08199999999999999,9.0,17.0,0.99484,3.19,0.52,12.5,7,941
666,10.1,0.43,0.4,2.6,0.092,13.0,52.0,0.99834,3.22,0.64,10.0,7,942
667,8.3,0.3,0.49,3.8,0.09,11.0,24.0,0.99498,3.27,0.64,12.1,7,944
668,10.2,0.44,0.58,4.1,0.092,11.0,24.0,0.99745,3.29,0.99,12.0,7,946
669,8.3,0.28,0.48,2.1,0.09300000000000001,6.0,12.0,0.99408,3.26,0.62,12.4,7,947
670,8.9,0.12,0.45,1.8,0.075,10.0,21.0,0.9955200000000001,3.41,0.76,11.9,7,949
671,8.9,0.12,0.45,1.8,0.075,10.0,21.0,0.9955200000000001,3.41,0.76,11.9,7,950
672,8.3,0.28,0.48,2.1,0.09300000000000001,6.0,12.0,0.99408,3.26,0.62,12.4,7,951
673,8.2,0.31,0.4,2.2,0.057999999999999996,6.0,10.0,0.99536,3.31,0.68,11.2,7,952
674,10.2,0.34,0.48,2.1,0.052000000000000005,5.0,9.0,0.9945799999999999,3.2,0.69,12.1,7,953
675,8.5,0.21,0.52,1.9,0.09,9.0,23.0,0.9964799999999999,3.36,0.67,10.4,5,955
676,9.0,0.36,0.52,2.1,0.111,5.0,10.0,0.9956799999999999,3.31,0.62,11.3,6,956
677,6.4,0.57,0.12,2.3,0.12,25.0,36.0,0.99519,3.47,0.71,11.3,7,958
678,8.5,0.47,0.27,1.9,0.057999999999999996,18.0,38.0,0.99518,3.16,0.85,11.1,6,960
679,7.1,0.56,0.14,1.6,0.078,7.0,18.0,0.99592,3.27,0.62,9.3,5,961
680,6.6,0.57,0.02,2.1,0.115,6.0,16.0,0.99654,3.38,0.69,9.5,5,962
681,8.5,0.47,0.27,1.9,0.057999999999999996,18.0,38.0,0.99518,3.16,0.85,11.1,6,964
682,8.5,0.66,0.2,2.1,0.09699999999999999,23.0,113.0,0.9973299999999999,3.13,0.48,9.2,5,967
683,9.0,0.4,0.43,2.4,0.068,29.0,46.0,0.9943,3.2,0.6,12.2,6,968
684,10.4,0.26,0.48,1.9,0.066,6.0,10.0,0.99724,3.33,0.87,10.9,6,971
685,8.8,0.33,0.41,5.9,0.073,7.0,13.0,0.9965799999999999,3.3,0.62,12.1,7,974
686,7.2,0.41,0.3,2.1,0.083,35.0,72.0,0.997,3.44,0.52,9.4,5,975
687,8.4,0.59,0.29,2.6,0.109,31.0,119.0,0.9980100000000001,3.15,0.5,9.1,5,977
688,7.0,0.4,0.32,3.6,0.061,9.0,29.0,0.99416,3.28,0.49,11.3,7,978
689,9.1,0.5,0.3,1.9,0.065,8.0,17.0,0.99774,3.32,0.71,10.5,6,980
690,9.5,0.86,0.26,1.9,0.079,13.0,28.0,0.9971200000000001,3.25,0.62,10.0,5,981
691,7.3,0.52,0.32,2.1,0.07,51.0,70.0,0.99418,3.34,0.82,12.9,6,982
692,9.1,0.5,0.3,1.9,0.065,8.0,17.0,0.99774,3.32,0.71,10.5,6,983
693,7.4,0.58,0.0,2.0,0.064,7.0,11.0,0.9956200000000001,3.45,0.58,11.3,6,985
694,7.1,0.36,0.3,1.6,0.08,35.0,70.0,0.9969299999999999,3.44,0.5,9.4,5,987
695,7.7,0.39,0.12,1.7,0.09699999999999999,19.0,27.0,0.9959600000000001,3.16,0.49,9.4,5,988
696,9.7,0.295,0.4,1.5,0.073,14.0,21.0,0.99556,3.14,0.51,10.9,6,989
697,7.7,0.39,0.12,1.7,0.09699999999999999,19.0,27.0,0.9959600000000001,3.16,0.49,9.4,5,990
698,7.1,0.34,0.28,2.0,0.08199999999999999,31.0,68.0,0.9969399999999999,3.45,0.48,9.4,5,991
699,7.1,0.34,0.28,2.0,0.08199999999999999,31.0,68.0,0.9969399999999999,3.45,0.48,9.4,5,993
700,7.7,0.6,0.06,2.0,0.079,19.0,41.0,0.99697,3.39,0.62,10.1,6,995
701,8.9,0.84,0.34,1.4,0.05,4.0,10.0,0.99554,3.12,0.48,9.1,6,998
702,6.4,0.69,0.0,1.65,0.055,7.0,12.0,0.9916200000000001,3.47,0.53,12.9,6,999
703,7.5,0.43,0.3,2.2,0.062,6.0,12.0,0.99495,3.44,0.72,11.5,7,1000
704,8.2,0.43,0.29,1.6,0.081,27.0,45.0,0.99603,3.25,0.54,10.3,5,1004
705,6.8,0.36,0.32,1.8,0.067,4.0,8.0,0.9928,3.36,0.55,12.8,7,1005
706,9.1,0.29,0.33,2.05,0.063,13.0,27.0,0.99516,3.26,0.84,11.7,7,1006
707,9.1,0.3,0.34,2.0,0.064,12.0,25.0,0.99516,3.26,0.84,11.7,7,1007
708,8.9,0.35,0.4,3.6,0.11,12.0,24.0,0.99549,3.23,0.7,12.0,7,1008
709,8.9,0.28,0.45,1.7,0.067,7.0,12.0,0.99354,3.25,0.55,12.3,7,1010
710,8.9,0.32,0.31,2.0,0.08800000000000001,12.0,19.0,0.9957,3.17,0.55,10.4,6,1011
711,7.7,1.005,0.15,2.1,0.102,11.0,32.0,0.9960399999999999,3.23,0.48,10.0,5,1012
712,7.5,0.71,0.0,1.6,0.092,22.0,31.0,0.99635,3.38,0.58,10.0,6,1013
713,8.0,0.58,0.16,2.0,0.12,3.0,7.0,0.99454,3.22,0.58,11.2,6,1014
714,8.9,0.38,0.4,2.2,0.068,12.0,28.0,0.9948600000000001,3.27,0.75,12.6,7,1016
715,8.0,0.18,0.37,0.9,0.049,36.0,109.0,0.9900700000000001,2.89,0.44,12.7,6,1018
716,7.0,0.5,0.14,1.8,0.078,10.0,23.0,0.99636,3.53,0.61,10.4,5,1019
717,11.3,0.36,0.66,2.4,0.12300000000000001,3.0,8.0,0.9964200000000001,3.2,0.53,11.9,6,1020
718,11.3,0.36,0.66,2.4,0.12300000000000001,3.0,8.0,0.9964200000000001,3.2,0.53,11.9,6,1021
719,7.0,0.51,0.09,2.1,0.062,4.0,9.0,0.99584,3.35,0.54,10.5,5,1022
720,8.2,0.32,0.42,2.3,0.098,3.0,9.0,0.9950600000000001,3.27,0.55,12.3,6,1023
721,7.7,0.58,0.01,1.8,0.08800000000000001,12.0,18.0,0.9956799999999999,3.32,0.56,10.5,7,1024
722,8.6,0.83,0.0,2.8,0.095,17.0,43.0,0.9982200000000001,3.33,0.6,10.4,6,1025
723,7.9,0.31,0.32,1.9,0.066,14.0,36.0,0.99364,3.41,0.56,12.6,6,1026
724,6.4,0.795,0.0,2.2,0.065,28.0,52.0,0.9937799999999999,3.49,0.52,11.6,5,1027
725,7.7,0.58,0.01,1.8,0.08800000000000001,12.0,18.0,0.9956799999999999,3.32,0.56,10.5,7,1029
726,8.1,0.82,0.0,4.1,0.095,5.0,14.0,0.99854,3.36,0.53,9.6,5,1032
727,8.9,0.745,0.18,2.5,0.077,15.0,48.0,0.99739,3.2,0.47,9.7,6,1034
728,10.1,0.37,0.34,2.4,0.085,5.0,17.0,0.9968299999999999,3.17,0.65,10.6,7,1035
729,7.6,0.31,0.34,2.5,0.08199999999999999,26.0,35.0,0.99356,3.22,0.59,12.5,7,1036
730,8.7,0.41,0.41,6.2,0.078,25.0,42.0,0.9953,3.24,0.77,12.6,7,1038
731,8.9,0.5,0.21,2.2,0.08800000000000001,21.0,39.0,0.99692,3.33,0.83,11.1,6,1039
732,6.9,0.49,0.19,1.7,0.079,13.0,26.0,0.9954700000000001,3.38,0.64,9.8,6,1041
733,6.4,0.39,0.33,3.3,0.046,12.0,53.0,0.9929399999999999,3.36,0.62,12.2,6,1044
734,6.9,0.44,0.0,1.4,0.07,32.0,38.0,0.9943799999999999,3.32,0.58,11.4,6,1045
735,7.6,0.78,0.0,1.7,0.076,33.0,45.0,0.9961200000000001,3.31,0.62,10.7,6,1046
736,7.1,0.43,0.17,1.8,0.08199999999999999,27.0,51.0,0.99634,3.49,0.64,10.4,5,1047
737,9.3,0.49,0.36,1.7,0.081,3.0,14.0,0.99702,3.27,0.78,10.9,6,1048
738,9.3,0.5,0.36,1.8,0.084,6.0,17.0,0.9970399999999999,3.27,0.77,10.8,6,1049
739,8.5,0.46,0.59,1.4,0.414,16.0,45.0,0.99702,3.03,1.34,9.2,5,1051
740,5.6,0.605,0.05,2.4,0.073,19.0,25.0,0.9925799999999999,3.56,0.55,12.9,5,1052
741,8.3,0.33,0.42,2.3,0.07,9.0,20.0,0.99426,3.38,0.77,12.7,7,1053
742,8.2,0.64,0.27,2.0,0.095,5.0,77.0,0.9974700000000001,3.13,0.62,9.1,6,1055
743,8.9,0.48,0.53,4.0,0.10099999999999999,3.0,10.0,0.9958600000000001,3.21,0.59,12.1,7,1056
744,7.6,0.42,0.25,3.9,0.10400000000000001,28.0,90.0,0.99784,3.15,0.57,9.1,5,1057
745,9.9,0.53,0.57,2.4,0.09300000000000001,30.0,52.0,0.9971,3.19,0.76,11.6,7,1058
746,8.9,0.48,0.53,4.0,0.10099999999999999,3.0,10.0,0.9958600000000001,3.21,0.59,12.1,7,1059
747,11.6,0.23,0.57,1.8,0.07400000000000001,3.0,8.0,0.9981,3.14,0.7,9.9,6,1060
748,9.1,0.4,0.5,1.8,0.071,7.0,16.0,0.9946200000000001,3.21,0.69,12.5,8,1061
749,8.0,0.38,0.44,1.9,0.098,6.0,15.0,0.9956,3.3,0.64,11.4,6,1062
750,10.2,0.29,0.65,2.4,0.075,6.0,17.0,0.99565,3.22,0.63,11.8,6,1063
751,8.2,0.74,0.09,2.0,0.067,5.0,10.0,0.99418,3.28,0.57,11.8,6,1064
752,7.7,0.61,0.18,2.4,0.083,6.0,20.0,0.9963,3.29,0.6,10.2,6,1065
753,6.6,0.52,0.08,2.4,0.07,13.0,26.0,0.9935799999999999,3.4,0.72,12.5,7,1066
754,11.1,0.31,0.53,2.2,0.06,3.0,10.0,0.99572,3.02,0.83,10.9,7,1067
755,8.0,0.62,0.35,2.8,0.086,28.0,52.0,0.997,3.31,0.62,10.8,5,1069
756,9.3,0.33,0.45,1.5,0.057,19.0,37.0,0.99498,3.18,0.89,11.1,7,1070
757,7.5,0.77,0.2,8.1,0.098,30.0,92.0,0.99892,3.2,0.58,9.2,5,1071
758,8.0,0.62,0.33,2.7,0.08800000000000001,16.0,37.0,0.9972,3.31,0.58,10.7,6,1073
759,9.9,0.32,0.56,2.0,0.073,3.0,8.0,0.99534,3.15,0.73,11.4,6,1076
760,8.6,0.37,0.65,6.4,0.08,3.0,8.0,0.9981700000000001,3.27,0.58,11.0,5,1078
761,7.9,0.3,0.68,8.3,0.05,37.5,278.0,0.99316,3.01,0.51,12.3,7,1079
762,7.9,0.3,0.68,8.3,0.05,37.5,289.0,0.99316,3.01,0.51,12.3,7,1081
763,7.2,0.38,0.3,1.8,0.073,31.0,70.0,0.99685,3.42,0.59,9.5,6,1082
764,8.7,0.42,0.45,2.4,0.07200000000000001,32.0,59.0,0.9961700000000001,3.33,0.77,12.0,6,1083
765,6.8,0.48,0.08,1.8,0.07400000000000001,40.0,64.0,0.99529,3.12,0.49,9.6,5,1085
766,8.5,0.34,0.4,4.7,0.055,3.0,9.0,0.9973799999999999,3.38,0.66,11.6,7,1086
767,7.9,0.19,0.42,1.6,0.057,18.0,30.0,0.9940000000000001,3.29,0.69,11.2,6,1087
768,11.6,0.41,0.54,1.5,0.095,22.0,41.0,0.99735,3.02,0.76,9.9,7,1088
769,11.6,0.41,0.54,1.5,0.095,22.0,41.0,0.99735,3.02,0.76,9.9,7,1089
770,10.0,0.26,0.54,1.9,0.083,42.0,74.0,0.99451,2.98,0.63,11.8,8,1090
771,7.9,0.34,0.42,2.0,0.086,8.0,19.0,0.99546,3.35,0.6,11.4,6,1091
772,7.0,0.54,0.09,2.0,0.081,10.0,16.0,0.99479,3.43,0.59,11.5,6,1092
773,9.2,0.31,0.36,2.2,0.079,11.0,31.0,0.99615,3.33,0.86,12.0,7,1093
774,6.6,0.725,0.09,5.5,0.11699999999999999,9.0,17.0,0.99655,3.35,0.49,10.8,6,1094
775,6.6,0.725,0.09,5.5,0.11699999999999999,9.0,17.0,0.99655,3.35,0.49,10.8,6,1096
776,8.6,0.52,0.38,1.5,0.096,5.0,18.0,0.99666,3.2,0.52,9.4,5,1099
777,8.4,0.34,0.42,2.1,0.07200000000000001,23.0,36.0,0.99392,3.11,0.78,12.4,6,1100
778,7.4,0.49,0.27,2.1,0.071,14.0,25.0,0.9938799999999999,3.35,0.63,12.0,6,1101
779,7.4,0.49,0.27,2.1,0.071,14.0,25.0,0.9938799999999999,3.35,0.63,12.0,6,1103
780,8.0,0.48,0.34,2.2,0.073,16.0,25.0,0.9936,3.28,0.66,12.4,6,1104
781,6.3,0.57,0.28,2.1,0.048,13.0,49.0,0.99374,3.41,0.6,12.8,5,1105
782,9.1,0.3,0.41,2.0,0.068,10.0,24.0,0.99523,3.27,0.85,11.7,7,1107
783,8.1,0.78,0.1,3.3,0.09,4.0,13.0,0.99855,3.36,0.49,9.5,5,1108
784,10.8,0.47,0.43,2.1,0.171,27.0,66.0,0.9982,3.17,0.76,10.8,6,1109
785,8.3,0.53,0.0,1.4,0.07,6.0,14.0,0.99593,3.25,0.64,10.0,6,1110
786,5.4,0.42,0.27,2.0,0.092,23.0,55.0,0.99471,3.78,0.64,12.3,7,1111
787,7.9,0.33,0.41,1.5,0.055999999999999994,6.0,35.0,0.9939600000000001,3.29,0.71,11.0,6,1112
788,5.0,0.4,0.5,4.3,0.046,29.0,80.0,0.9902,3.49,0.66,13.6,6,1114
789,7.0,0.69,0.07,2.5,0.091,15.0,21.0,0.99572,3.38,0.6,11.3,6,1115
790,7.0,0.69,0.07,2.5,0.091,15.0,21.0,0.99572,3.38,0.6,11.3,6,1116
791,7.0,0.69,0.07,2.5,0.091,15.0,21.0,0.99572,3.38,0.6,11.3,6,1117
792,7.1,0.39,0.12,2.1,0.065,14.0,24.0,0.9925200000000001,3.3,0.53,13.3,6,1118
793,5.6,0.66,0.0,2.5,0.066,7.0,15.0,0.99256,3.52,0.58,12.9,5,1119
794,7.9,0.54,0.34,2.5,0.076,8.0,17.0,0.99235,3.2,0.72,13.1,8,1120
795,6.3,0.47,0.0,1.4,0.055,27.0,33.0,0.9922,3.45,0.48,12.3,6,1122
796,8.8,0.24,0.35,1.7,0.055,13.0,27.0,0.9939399999999999,3.14,0.59,11.3,7,1125
797,6.3,0.76,0.0,2.9,0.07200000000000001,26.0,52.0,0.99379,3.51,0.6,11.5,6,1127
798,10.0,0.43,0.33,2.7,0.095,28.0,89.0,0.9984,3.22,0.68,10.0,5,1128
799,9.1,0.6,0.0,1.9,0.057999999999999996,5.0,10.0,0.9977,3.18,0.63,10.4,6,1130
800,7.4,0.36,0.34,1.8,0.075,18.0,38.0,0.9933,3.38,0.88,13.6,7,1132
801,7.2,0.48,0.07,5.5,0.08900000000000001,10.0,18.0,0.99684,3.37,0.68,11.2,7,1133
802,8.5,0.28,0.35,1.7,0.061,6.0,15.0,0.99524,3.3,0.74,11.8,7,1134
803,8.0,0.25,0.43,1.7,0.067,22.0,50.0,0.9946,3.38,0.6,11.9,6,1135
804,10.4,0.52,0.45,2.0,0.08,6.0,13.0,0.99774,3.22,0.76,11.4,6,1136
805,7.5,0.41,0.15,3.7,0.10400000000000001,29.0,94.0,0.9978600000000001,3.14,0.58,9.1,5,1138
806,8.2,0.51,0.24,2.0,0.079,16.0,86.0,0.99764,3.34,0.64,9.5,6,1139
807,7.3,0.4,0.3,1.7,0.08,33.0,79.0,0.9969,3.41,0.65,9.5,6,1140
808,8.2,0.38,0.32,2.5,0.08,24.0,71.0,0.99624,3.27,0.85,11.0,6,1141
809,6.9,0.45,0.11,2.4,0.043,6.0,12.0,0.99354,3.3,0.65,11.4,6,1142
810,7.0,0.22,0.3,1.8,0.065,16.0,20.0,0.99672,3.61,0.82,10.0,6,1143
811,7.3,0.32,0.23,2.3,0.066,35.0,70.0,0.9958799999999999,3.43,0.62,10.1,5,1144
812,8.2,0.2,0.43,2.5,0.076,31.0,51.0,0.99672,3.53,0.81,10.4,6,1145
813,7.8,0.5,0.12,1.8,0.17800000000000002,6.0,21.0,0.996,3.28,0.87,9.8,6,1146
814,10.0,0.41,0.45,6.2,0.071,6.0,14.0,0.99702,3.21,0.49,11.8,7,1147
815,7.8,0.39,0.42,2.0,0.086,9.0,21.0,0.99526,3.39,0.66,11.6,6,1148
816,10.0,0.35,0.47,2.0,0.061,6.0,11.0,0.99585,3.23,0.52,12.0,6,1149
817,6.1,0.58,0.23,2.5,0.044000000000000004,16.0,70.0,0.9935200000000001,3.46,0.65,12.5,6,1151
818,8.3,0.6,0.25,2.2,0.11800000000000001,9.0,38.0,0.99616,3.15,0.53,9.8,5,1152
819,9.6,0.42,0.35,2.1,0.083,17.0,38.0,0.9962200000000001,3.23,0.66,11.1,6,1153
820,8.3,0.6,0.25,2.2,0.11800000000000001,9.0,38.0,0.99616,3.15,0.53,9.8,5,1155
821,8.5,0.18,0.51,1.75,0.071,45.0,88.0,0.99524,3.33,0.76,11.8,7,1156
822,5.1,0.51,0.18,2.1,0.042,16.0,101.0,0.9924,3.46,0.87,12.9,7,1157
823,8.5,0.32,0.42,2.3,0.075,12.0,19.0,0.99434,3.14,0.71,11.8,7,1162
824,9.0,0.785,0.24,1.7,0.078,10.0,21.0,0.99692,3.29,0.67,10.0,5,1164
825,8.2,0.33,0.39,2.5,0.07400000000000001,29.0,48.0,0.9952799999999999,3.32,0.88,12.4,7,1167
826,6.5,0.34,0.27,2.8,0.067,8.0,44.0,0.99384,3.21,0.56,12.0,6,1168
827,7.6,0.5,0.29,2.3,0.086,5.0,14.0,0.9950200000000001,3.32,0.62,11.5,6,1169
828,9.2,0.36,0.34,1.6,0.062,5.0,12.0,0.9966700000000001,3.2,0.67,10.5,6,1170
829,9.7,0.42,0.46,2.1,0.07400000000000001,5.0,16.0,0.99649,3.27,0.74,12.3,6,1172
830,7.6,0.36,0.31,1.7,0.079,26.0,65.0,0.99716,3.46,0.62,9.5,6,1173
831,7.6,0.36,0.31,1.7,0.079,26.0,65.0,0.99716,3.46,0.62,9.5,6,1174
832,6.5,0.61,0.0,2.2,0.095,48.0,59.0,0.99541,3.61,0.7,11.5,6,1175
833,6.5,0.88,0.03,5.6,0.079,23.0,47.0,0.99572,3.58,0.5,11.2,4,1176
834,5.6,0.915,0.0,2.1,0.040999999999999995,17.0,78.0,0.99346,3.68,0.73,11.4,5,1178
835,8.2,0.35,0.33,2.4,0.076,11.0,47.0,0.9959899999999999,3.27,0.81,11.0,6,1179
836,9.8,0.39,0.43,1.65,0.068,5.0,11.0,0.9947799999999999,3.19,0.46,11.4,5,1181
837,6.8,0.66,0.07,1.6,0.07,16.0,61.0,0.99572,3.29,0.6,9.3,5,1183
838,6.7,0.64,0.23,2.1,0.08,11.0,119.0,0.9953799999999999,3.36,0.7,10.9,5,1184
839,6.7,0.64,0.23,2.1,0.08,11.0,119.0,0.9953799999999999,3.36,0.7,10.9,5,1188
840,8.8,0.955,0.05,1.8,0.075,5.0,19.0,0.99616,3.3,0.44,9.6,4,1189
841,9.1,0.4,0.57,4.6,0.08,6.0,20.0,0.9965200000000001,3.28,0.57,12.5,6,1190
842,6.5,0.885,0.0,2.3,0.166,6.0,12.0,0.99551,3.56,0.51,10.8,5,1191
843,7.2,0.25,0.37,2.5,0.063,11.0,41.0,0.99439,3.52,0.8,12.4,7,1192
844,7.0,0.745,0.12,1.8,0.114,15.0,64.0,0.9958799999999999,3.22,0.59,9.5,6,1194
845,6.2,0.43,0.22,1.8,0.078,21.0,56.0,0.9963299999999999,3.52,0.6,9.5,6,1195
846,7.7,0.57,0.21,1.5,0.069,4.0,9.0,0.9945799999999999,3.16,0.54,9.8,6,1197
847,7.7,0.26,0.26,2.0,0.052000000000000005,19.0,77.0,0.9951,3.15,0.79,10.9,6,1198
848,7.9,0.58,0.23,2.3,0.076,23.0,94.0,0.9968600000000001,3.21,0.58,9.5,6,1199
849,7.7,0.57,0.21,1.5,0.069,4.0,9.0,0.9945799999999999,3.16,0.54,9.8,6,1200
850,7.9,0.34,0.36,1.9,0.065,5.0,10.0,0.99419,3.27,0.54,11.2,7,1201
851,8.6,0.42,0.39,1.8,0.068,6.0,12.0,0.99516,3.35,0.69,11.7,8,1202
852,9.9,0.74,0.19,5.8,0.111,33.0,76.0,0.9987799999999999,3.14,0.55,9.4,5,1203
853,7.2,0.36,0.46,2.1,0.07400000000000001,24.0,44.0,0.99534,3.4,0.85,11.0,7,1204
854,7.2,0.36,0.46,2.1,0.07400000000000001,24.0,44.0,0.99534,3.4,0.85,11.0,7,1206
855,9.9,0.72,0.55,1.7,0.136,24.0,52.0,0.9975200000000001,3.35,0.94,10.0,5,1207
856,7.2,0.36,0.46,2.1,0.07400000000000001,24.0,44.0,0.99534,3.4,0.85,11.0,7,1208
857,6.2,0.39,0.43,2.0,0.071,14.0,24.0,0.9942799999999999,3.45,0.87,11.2,7,1209
858,6.8,0.65,0.02,2.1,0.078,8.0,15.0,0.99498,3.35,0.62,10.4,6,1210
859,6.8,0.65,0.02,2.1,0.078,8.0,15.0,0.99498,3.35,0.62,10.4,6,1212
860,10.2,0.33,0.46,1.9,0.081,6.0,9.0,0.9962799999999999,3.1,0.48,10.4,6,1214
861,7.9,0.57,0.31,2.0,0.079,10.0,79.0,0.99677,3.29,0.69,9.5,6,1216
862,9.0,0.39,0.4,1.3,0.044000000000000004,25.0,50.0,0.9947799999999999,3.2,0.83,10.9,6,1219
863,10.9,0.32,0.52,1.8,0.132,17.0,44.0,0.99734,3.28,0.77,11.5,6,1220
864,10.9,0.32,0.52,1.8,0.132,17.0,44.0,0.99734,3.28,0.77,11.5,6,1221
865,12.6,0.39,0.49,2.5,0.08,8.0,20.0,0.9992,3.07,0.82,10.3,6,1224
866,9.2,0.46,0.23,2.6,0.091,18.0,77.0,0.9992200000000001,3.15,0.51,9.4,5,1225
867,7.5,0.58,0.03,4.1,0.08,27.0,46.0,0.99592,3.02,0.47,9.2,5,1226
868,9.0,0.58,0.25,2.0,0.10400000000000001,8.0,21.0,0.99769,3.27,0.72,9.6,5,1227
869,5.1,0.42,0.0,1.8,0.044000000000000004,18.0,88.0,0.9915700000000001,3.68,0.73,13.6,7,1228
870,7.6,0.43,0.29,2.1,0.075,19.0,66.0,0.99718,3.4,0.64,9.5,5,1229
871,7.7,0.18,0.34,2.7,0.066,15.0,58.0,0.9947,3.37,0.78,11.8,6,1230
872,7.8,0.815,0.01,2.6,0.07400000000000001,48.0,90.0,0.99621,3.38,0.62,10.8,5,1231
873,7.6,0.43,0.29,2.1,0.075,19.0,66.0,0.99718,3.4,0.64,9.5,5,1232
874,7.1,0.75,0.01,2.2,0.059000000000000004,11.0,18.0,0.9924200000000001,3.39,0.4,12.8,6,1234
875,7.8,0.55,0.0,1.7,0.07,7.0,17.0,0.99659,3.26,0.64,9.4,6,1236
876,7.1,0.75,0.01,2.2,0.059000000000000004,11.0,18.0,0.9924200000000001,3.39,0.4,12.8,6,1237
877,8.1,0.73,0.0,2.5,0.081,12.0,24.0,0.99798,3.38,0.46,9.6,4,1238
878,6.5,0.67,0.0,4.3,0.057,11.0,20.0,0.9948799999999999,3.45,0.56,11.8,4,1239
879,7.5,0.61,0.2,1.7,0.076,36.0,60.0,0.9949399999999999,3.1,0.4,9.3,5,1240
880,8.3,0.56,0.22,2.4,0.08199999999999999,10.0,86.0,0.9983,3.37,0.62,9.5,5,1243
881,7.4,0.55,0.19,1.8,0.08199999999999999,15.0,34.0,0.99655,3.49,0.68,10.5,5,1245
882,7.4,0.74,0.07,1.7,0.086,15.0,48.0,0.9950200000000001,3.12,0.48,10.0,5,1246
883,7.1,0.6,0.01,2.3,0.079,24.0,37.0,0.9951399999999999,3.4,0.61,10.9,6,1250
884,7.5,0.58,0.14,2.2,0.077,27.0,60.0,0.9963,3.28,0.59,9.8,5,1251
885,7.1,0.72,0.0,1.8,0.12300000000000001,6.0,14.0,0.9962700000000001,3.45,0.58,9.8,5,1252
886,7.9,0.66,0.0,1.4,0.096,6.0,13.0,0.99569,3.43,0.58,9.5,5,1253
887,7.8,0.7,0.06,1.9,0.079,20.0,35.0,0.9962799999999999,3.4,0.69,10.9,5,1254
888,7.5,0.59,0.22,1.8,0.08199999999999999,43.0,60.0,0.9949899999999999,3.1,0.42,9.2,5,1256
889,7.0,0.58,0.28,4.8,0.085,12.0,69.0,0.9963299999999999,3.32,0.7,11.0,6,1257
890,6.8,0.64,0.0,2.7,0.12300000000000001,15.0,33.0,0.9953799999999999,3.44,0.63,11.3,6,1258
891,8.6,0.635,0.68,1.8,0.40299999999999997,19.0,56.0,0.9963200000000001,3.02,1.15,9.3,5,1260
892,6.3,1.02,0.0,2.0,0.083,17.0,24.0,0.9943700000000001,3.59,0.55,11.2,4,1261
893,9.8,0.45,0.38,2.5,0.081,34.0,66.0,0.99726,3.15,0.58,9.8,5,1262
894,8.5,0.37,0.32,1.8,0.066,26.0,51.0,0.99456,3.38,0.72,11.8,6,1264
895,7.2,0.57,0.05,2.3,0.081,16.0,36.0,0.99564,3.38,0.6,10.3,6,1265
896,7.2,0.57,0.05,2.3,0.081,16.0,36.0,0.99564,3.38,0.6,10.3,6,1266
897,10.4,0.43,0.5,2.3,0.068,13.0,19.0,0.996,3.1,0.87,11.4,6,1267
898,6.9,0.41,0.31,2.0,0.079,21.0,51.0,0.9966799999999999,3.47,0.55,9.5,6,1268
899,5.0,0.38,0.01,1.6,0.048,26.0,60.0,0.9908399999999999,3.7,0.75,14.0,6,1270
900,7.3,0.44,0.2,1.6,0.049,24.0,64.0,0.9935,3.38,0.57,11.7,6,1271
901,5.9,0.46,0.0,1.9,0.077,25.0,44.0,0.99385,3.5,0.53,11.2,5,1272
902,7.5,0.58,0.2,2.0,0.073,34.0,44.0,0.9949399999999999,3.1,0.43,9.3,5,1273
903,7.8,0.58,0.13,2.1,0.102,17.0,36.0,0.9944,3.24,0.53,11.2,6,1274
904,8.0,0.715,0.22,2.3,0.075,13.0,81.0,0.9968799999999999,3.24,0.54,9.5,6,1275
905,8.5,0.4,0.4,6.3,0.05,3.0,10.0,0.99566,3.28,0.56,12.0,4,1276
906,7.0,0.69,0.0,1.9,0.114,3.0,10.0,0.99636,3.35,0.6,9.7,6,1277
907,8.0,0.715,0.22,2.3,0.075,13.0,81.0,0.9968799999999999,3.24,0.54,9.5,6,1278
908,9.8,0.3,0.39,1.7,0.062,3.0,9.0,0.9948,3.14,0.57,11.5,7,1279
909,7.1,0.46,0.2,1.9,0.077,28.0,54.0,0.9956,3.37,0.64,10.4,6,1280
910,7.1,0.46,0.2,1.9,0.077,28.0,54.0,0.9956,3.37,0.64,10.4,6,1281
911,7.9,0.765,0.0,2.0,0.084,9.0,22.0,0.9961899999999999,3.33,0.68,10.9,6,1282
912,8.7,0.63,0.28,2.7,0.096,17.0,69.0,0.99734,3.26,0.63,10.2,6,1283
913,7.0,0.42,0.19,2.3,0.071,18.0,36.0,0.9947600000000001,3.39,0.56,10.9,5,1284
914,11.3,0.37,0.5,1.8,0.09,20.0,47.0,0.99734,3.15,0.57,10.5,5,1285
915,7.0,0.6,0.3,4.5,0.068,20.0,110.0,0.9991399999999999,3.3,1.17,10.2,5,1288
916,7.0,0.6,0.3,4.5,0.068,20.0,110.0,0.9991399999999999,3.3,1.17,10.2,5,1289
917,7.6,0.74,0.0,1.9,0.1,6.0,12.0,0.99521,3.36,0.59,11.0,5,1290
918,8.2,0.635,0.1,2.1,0.073,25.0,60.0,0.9963799999999999,3.29,0.75,10.9,6,1291
919,5.9,0.395,0.13,2.4,0.055999999999999994,14.0,28.0,0.9936200000000001,3.62,0.67,12.4,6,1292
920,6.6,0.63,0.0,4.3,0.09300000000000001,51.0,77.5,0.9955799999999999,3.2,0.45,9.5,5,1296
921,7.2,0.53,0.14,2.1,0.064,15.0,29.0,0.99323,3.35,0.61,12.1,6,1297
922,5.7,0.6,0.0,1.4,0.063,11.0,18.0,0.9919100000000001,3.45,0.56,12.2,6,1298
923,7.6,1.58,0.0,2.1,0.13699999999999998,5.0,9.0,0.9947600000000001,3.5,0.4,10.9,3,1299
924,5.2,0.645,0.0,2.15,0.08,15.0,28.0,0.99444,3.78,0.61,12.5,6,1300
925,6.7,0.86,0.07,2.0,0.1,20.0,57.0,0.99598,3.6,0.74,11.7,6,1301
926,9.1,0.37,0.32,2.1,0.064,4.0,15.0,0.9957600000000001,3.3,0.8,11.2,6,1302
927,7.6,0.79,0.21,2.3,0.087,21.0,68.0,0.9955,3.12,0.44,9.2,5,1304
928,7.5,0.61,0.26,1.9,0.073,24.0,88.0,0.9961200000000001,3.3,0.53,9.8,5,1305
929,9.7,0.69,0.32,2.5,0.08800000000000001,22.0,91.0,0.9979,3.29,0.62,10.1,5,1306
930,7.0,0.62,0.1,1.4,0.071,27.0,63.0,0.996,3.28,0.61,9.2,5,1309
931,6.5,0.51,0.15,3.0,0.064,12.0,27.0,0.9929,3.33,0.59,12.8,6,1311
932,8.0,1.18,0.21,1.9,0.083,14.0,41.0,0.9953200000000001,3.34,0.47,10.5,5,1312
933,7.5,0.63,0.27,2.0,0.083,17.0,91.0,0.99616,3.26,0.58,9.8,6,1315
934,5.4,0.74,0.0,1.2,0.040999999999999995,16.0,46.0,0.9925799999999999,4.01,0.59,12.5,6,1316
935,9.1,0.76,0.68,1.7,0.414,18.0,64.0,0.9965200000000001,2.9,1.33,9.1,6,1319
936,5.0,0.74,0.0,1.2,0.040999999999999995,16.0,46.0,0.9925799999999999,4.01,0.59,12.5,6,1321
937,9.1,0.34,0.42,1.8,0.057999999999999996,9.0,18.0,0.99392,3.18,0.55,11.4,5,1322
938,6.7,0.46,0.24,1.7,0.077,18.0,34.0,0.9948,3.39,0.6,10.6,6,1324
939,6.7,0.46,0.24,1.7,0.077,18.0,34.0,0.9948,3.39,0.6,10.6,6,1325
940,6.7,0.46,0.24,1.7,0.077,18.0,34.0,0.9948,3.39,0.6,10.6,6,1326
941,6.7,0.46,0.24,1.7,0.077,18.0,34.0,0.9948,3.39,0.6,10.6,6,1327
942,6.5,0.52,0.11,1.8,0.073,13.0,38.0,0.9955,3.34,0.52,9.3,5,1328
943,7.4,0.6,0.26,2.1,0.083,17.0,91.0,0.99616,3.29,0.56,9.8,6,1329
944,7.4,0.6,0.26,2.1,0.083,17.0,91.0,0.99616,3.29,0.56,9.8,6,1330
945,7.8,0.87,0.26,3.8,0.107,31.0,67.0,0.9966799999999999,3.26,0.46,9.2,5,1331
946,8.4,0.39,0.1,1.7,0.075,6.0,25.0,0.9958100000000001,3.09,0.43,9.7,6,1332
947,9.1,0.775,0.22,2.2,0.079,12.0,48.0,0.9976,3.18,0.51,9.6,5,1333
948,7.2,0.835,0.0,2.0,0.166,4.0,11.0,0.99608,3.39,0.52,10.0,5,1334
949,6.6,0.58,0.02,2.4,0.069,19.0,40.0,0.99387,3.38,0.66,12.6,6,1335
950,6.0,0.5,0.0,1.4,0.057,15.0,26.0,0.9944799999999999,3.36,0.45,9.5,5,1336
951,6.0,0.5,0.0,1.4,0.057,15.0,26.0,0.9944799999999999,3.36,0.45,9.5,5,1337
952,6.0,0.5,0.0,1.4,0.057,15.0,26.0,0.9944799999999999,3.36,0.45,9.5,5,1338
953,7.5,0.51,0.02,1.7,0.084,13.0,31.0,0.9953799999999999,3.36,0.54,10.5,6,1339
954,7.5,0.51,0.02,1.7,0.084,13.0,31.0,0.9953799999999999,3.36,0.54,10.5,6,1340
955,7.5,0.51,0.02,1.7,0.084,13.0,31.0,0.9953799999999999,3.36,0.54,10.5,6,1341
956,7.5,0.51,0.02,1.7,0.084,13.0,31.0,0.9953799999999999,3.36,0.54,10.5,6,1343
957,11.5,0.42,0.48,2.6,0.077,8.0,20.0,0.9985200000000001,3.09,0.53,11.0,5,1344
958,8.2,0.44,0.24,2.3,0.063,10.0,28.0,0.99613,3.25,0.53,10.2,6,1345
959,6.1,0.59,0.01,2.1,0.055999999999999994,5.0,13.0,0.99472,3.52,0.56,11.4,5,1346
960,7.2,0.655,0.03,1.8,0.078,7.0,12.0,0.99587,3.34,0.39,9.5,5,1347
961,7.2,0.62,0.01,2.3,0.065,8.0,46.0,0.9933200000000001,3.32,0.51,11.8,6,1351
962,7.6,0.645,0.03,1.9,0.086,14.0,57.0,0.9969,3.37,0.46,10.3,5,1353
963,6.1,0.32,0.25,1.8,0.086,5.0,32.0,0.99464,3.36,0.44,10.1,5,1355
964,6.1,0.34,0.25,1.8,0.084,4.0,28.0,0.99464,3.36,0.44,10.1,5,1356
965,7.3,0.43,0.24,2.5,0.078,27.0,67.0,0.9964799999999999,3.6,0.59,11.1,6,1357
966,7.4,0.64,0.17,5.4,0.168,52.0,98.0,0.99736,3.28,0.5,9.5,5,1358
967,11.6,0.475,0.4,1.4,0.091,6.0,28.0,0.9970399999999999,3.07,0.65,10.0333333333333,6,1359
968,8.3,0.85,0.14,2.5,0.09300000000000001,13.0,54.0,0.99724,3.36,0.54,10.1,5,1361
969,11.6,0.475,0.4,1.4,0.091,6.0,28.0,0.9970399999999999,3.07,0.65,10.0333333333333,6,1362
970,7.2,0.605,0.02,1.9,0.096,10.0,31.0,0.995,3.46,0.53,11.8,6,1364
971,7.3,0.74,0.08,1.7,0.094,10.0,45.0,0.9957600000000001,3.24,0.5,9.8,5,1366
972,6.9,0.54,0.3,2.2,0.08800000000000001,9.0,105.0,0.99725,3.25,1.18,10.5,6,1367
973,8.0,0.77,0.32,2.1,0.079,16.0,74.0,0.99656,3.27,0.5,9.8,6,1368
974,8.7,0.78,0.51,1.7,0.415,12.0,66.0,0.99623,3.0,1.17,9.2,5,1370
975,7.5,0.58,0.56,3.1,0.153,5.0,14.0,0.9947600000000001,3.21,1.03,11.6,6,1371
976,8.7,0.78,0.51,1.7,0.415,12.0,66.0,0.99623,3.0,1.17,9.2,5,1372
977,8.2,0.885,0.2,1.4,0.086,7.0,31.0,0.9946,3.11,0.46,10.0,5,1376
978,7.2,0.45,0.15,2.0,0.078,10.0,28.0,0.9960899999999999,3.29,0.51,9.9,6,1378
979,7.5,0.57,0.02,2.6,0.077,11.0,35.0,0.9955700000000001,3.36,0.62,10.8,6,1379
980,7.5,0.57,0.02,2.6,0.077,11.0,35.0,0.9955700000000001,3.36,0.62,10.8,6,1380
981,8.0,0.6,0.22,2.1,0.08,25.0,105.0,0.99613,3.3,0.49,9.9,5,1382
982,8.0,0.6,0.22,2.1,0.08,25.0,105.0,0.99613,3.3,0.49,9.9,5,1383
983,7.1,0.755,0.15,1.8,0.107,20.0,84.0,0.99593,3.19,0.5,9.5,5,1384
984,8.0,0.81,0.25,3.4,0.076,34.0,85.0,0.9966799999999999,3.19,0.42,9.2,5,1385
985,7.4,0.64,0.07,1.8,0.1,8.0,23.0,0.9961,3.3,0.58,9.6,5,1386
986,6.6,0.64,0.31,6.1,0.083,7.0,49.0,0.99718,3.35,0.68,10.3,5,1388
987,6.0,0.49,0.0,2.3,0.068,15.0,33.0,0.99292,3.58,0.59,12.5,6,1390
988,8.0,0.64,0.22,2.4,0.094,5.0,33.0,0.9961200000000001,3.37,0.58,11.0,5,1391
989,7.1,0.62,0.06,1.3,0.07,5.0,12.0,0.9942,3.17,0.48,9.8,5,1392
990,8.0,0.52,0.25,2.0,0.078,19.0,59.0,0.9961200000000001,3.3,0.48,10.2,5,1393
991,8.6,0.685,0.1,1.6,0.092,3.0,12.0,0.99745,3.31,0.65,9.55,6,1395
992,8.7,0.675,0.1,1.6,0.09,4.0,11.0,0.99745,3.31,0.65,9.55,5,1396
993,7.3,0.59,0.26,2.0,0.08,17.0,104.0,0.99584,3.28,0.52,9.9,5,1397
994,7.2,0.67,0.0,2.2,0.068,10.0,24.0,0.9956,3.42,0.72,11.1,6,1399
995,7.9,0.69,0.21,2.1,0.08,33.0,141.0,0.9962,3.25,0.51,9.9,5,1400
996,7.6,0.3,0.42,2.0,0.052000000000000005,6.0,24.0,0.9963,3.44,0.82,11.9,6,1402
997,7.2,0.33,0.33,1.7,0.061,3.0,13.0,0.996,3.23,1.1,10.0,8,1403
998,8.0,0.5,0.39,2.6,0.08199999999999999,12.0,46.0,0.9985,3.43,0.62,10.7,6,1404
999,8.2,0.24,0.34,5.1,0.062,8.0,22.0,0.9974,3.22,0.94,10.9,6,1406
1000,6.0,0.51,0.0,2.1,0.064,40.0,54.0,0.995,3.54,0.93,10.7,6,1407
1001,8.1,0.29,0.36,2.2,0.048,35.0,53.0,0.995,3.27,1.01,12.4,7,1408
1002,6.0,0.51,0.0,2.1,0.064,40.0,54.0,0.995,3.54,0.93,10.7,6,1409
1003,6.6,0.96,0.0,1.8,0.08199999999999999,5.0,16.0,0.9936,3.5,0.44,11.9,6,1410
1004,6.4,0.47,0.4,2.4,0.071,8.0,19.0,0.9963,3.56,0.73,10.6,6,1411
1005,8.2,0.24,0.34,5.1,0.062,8.0,22.0,0.9974,3.22,0.94,10.9,6,1412
1006,9.9,0.57,0.25,2.0,0.10400000000000001,12.0,89.0,0.9963,3.04,0.9,10.1,5,1413
1007,10.0,0.32,0.59,2.2,0.077,3.0,15.0,0.9994,3.2,0.78,9.6,5,1414
1008,6.2,0.58,0.0,1.6,0.065,8.0,18.0,0.9966,3.56,0.84,9.4,5,1415
1009,10.0,0.32,0.59,2.2,0.077,3.0,15.0,0.9994,3.2,0.78,9.6,5,1416
1010,7.3,0.34,0.33,2.5,0.064,21.0,37.0,0.9952,3.35,0.77,12.1,7,1417
1011,7.8,0.53,0.01,1.6,0.077,3.0,19.0,0.995,3.16,0.46,9.8,5,1418
1012,7.7,0.64,0.21,2.2,0.077,32.0,133.0,0.9956,3.27,0.45,9.9,5,1419
1013,7.8,0.53,0.01,1.6,0.077,3.0,19.0,0.995,3.16,0.46,9.8,5,1420
1014,7.5,0.4,0.18,1.6,0.079,24.0,58.0,0.9965,3.34,0.58,9.4,5,1421
1015,7.0,0.54,0.0,2.1,0.079,39.0,55.0,0.9956,3.39,0.84,11.4,6,1422
1016,6.4,0.53,0.09,3.9,0.12300000000000001,14.0,31.0,0.9968,3.5,0.67,11.0,4,1423
1017,7.6,0.41,0.33,2.5,0.078,6.0,23.0,0.9957,3.3,0.58,11.2,5,1427
1018,7.8,0.64,0.0,1.9,0.07200000000000001,27.0,55.0,0.9962,3.31,0.63,11.0,5,1428
1019,7.9,0.18,0.4,2.2,0.049,38.0,67.0,0.996,3.33,0.93,11.3,5,1429
1020,7.4,0.41,0.24,1.8,0.066,18.0,47.0,0.9956,3.37,0.62,10.4,5,1430
1021,7.6,0.43,0.31,2.1,0.069,13.0,74.0,0.9958,3.26,0.54,9.9,6,1431
1022,6.1,0.4,0.16,1.8,0.069,11.0,25.0,0.9955,3.42,0.74,10.1,7,1433
1023,10.2,0.54,0.37,15.4,0.214,55.0,95.0,1.00369,3.18,0.77,9.0,6,1434
1024,10.0,0.38,0.38,1.6,0.16899999999999998,27.0,90.0,0.9991399999999999,3.15,0.65,8.5,5,1436
1025,6.8,0.915,0.29,4.8,0.07,15.0,39.0,0.99577,3.53,0.54,11.1,5,1437
1026,7.0,0.59,0.0,1.7,0.052000000000000005,3.0,8.0,0.996,3.41,0.47,10.3,5,1438
1027,7.3,0.67,0.02,2.2,0.07200000000000001,31.0,92.0,0.99566,3.32,0.68,11.066666666666698,6,1439
1028,6.9,0.58,0.2,1.75,0.057999999999999996,8.0,22.0,0.9932200000000001,3.38,0.49,11.7,5,1443
1029,7.4,0.785,0.19,5.2,0.094,19.0,98.0,0.99713,3.16,0.52,9.6,6,1445
1030,6.8,0.67,0.0,1.9,0.08,22.0,39.0,0.9970100000000001,3.4,0.74,9.7,5,1447
1031,7.2,0.38,0.31,2.0,0.055999999999999994,15.0,29.0,0.99472,3.23,0.76,11.3,8,1449
1032,7.2,0.37,0.32,2.0,0.062,15.0,28.0,0.9947,3.23,0.73,11.3,7,1450
1033,7.8,0.32,0.44,2.7,0.10400000000000001,8.0,17.0,0.9973200000000001,3.33,0.78,11.0,7,1451
1034,6.6,0.58,0.02,2.0,0.062,37.0,53.0,0.99374,3.35,0.76,11.6,7,1452
1035,11.7,0.45,0.63,2.2,0.073,7.0,23.0,0.99974,3.21,0.69,10.9,6,1454
1036,6.5,0.9,0.0,1.6,0.052000000000000005,9.0,17.0,0.99467,3.5,0.63,10.9,6,1455
1037,7.6,0.49,0.33,1.9,0.07400000000000001,27.0,85.0,0.9970600000000001,3.41,0.58,9.0,5,1457
1038,8.4,0.29,0.4,1.7,0.067,8.0,20.0,0.99603,3.39,0.6,10.5,5,1458
1039,7.9,0.2,0.35,1.7,0.054000000000000006,7.0,15.0,0.9945799999999999,3.32,0.8,11.9,7,1459
1040,6.4,0.42,0.09,2.3,0.054000000000000006,34.0,64.0,0.99724,3.41,0.68,10.4,6,1460
1041,6.2,0.785,0.0,2.1,0.06,6.0,13.0,0.99664,3.59,0.61,10.0,4,1461
1042,6.9,0.63,0.01,2.4,0.076,14.0,39.0,0.9952200000000001,3.34,0.53,10.8,6,1463
1043,6.8,0.59,0.1,1.7,0.063,34.0,53.0,0.9958,3.41,0.67,9.7,5,1464
1044,7.3,0.48,0.32,2.1,0.062,31.0,54.0,0.9972799999999999,3.3,0.65,10.0,7,1466
1045,6.7,1.04,0.08,2.3,0.067,19.0,32.0,0.9964799999999999,3.52,0.57,11.0,4,1467
1046,7.3,0.48,0.32,2.1,0.062,31.0,54.0,0.9972799999999999,3.3,0.65,10.0,7,1468
1047,7.3,0.98,0.05,2.1,0.061,20.0,49.0,0.99705,3.31,0.55,9.7,3,1469
1048,10.0,0.69,0.11,1.4,0.084,8.0,24.0,0.9957799999999999,2.88,0.47,9.7,5,1470
1049,6.7,0.7,0.08,3.75,0.067,8.0,16.0,0.99334,3.43,0.52,12.6,5,1471
1050,7.6,0.35,0.6,2.6,0.073,23.0,44.0,0.99656,3.38,0.79,11.1,6,1472
1051,6.1,0.6,0.08,1.8,0.071,14.0,45.0,0.99336,3.38,0.54,11.0,5,1473
1052,9.9,0.5,0.5,13.8,0.205,48.0,82.0,1.00242,3.16,0.75,8.8,5,1474
1053,5.3,0.47,0.11,2.2,0.048,16.0,89.0,0.99182,3.54,0.88,13.566666666666698,7,1475
1054,9.9,0.5,0.5,13.8,0.205,48.0,82.0,1.00242,3.16,0.75,8.8,5,1476
1055,5.3,0.47,0.11,2.2,0.048,16.0,89.0,0.99182,3.54,0.88,13.6,7,1477
1056,7.1,0.875,0.05,5.7,0.08199999999999999,3.0,14.0,0.99808,3.4,0.52,10.2,3,1478
1057,8.2,0.28,0.6,3.0,0.10400000000000001,10.0,22.0,0.99828,3.39,0.68,10.6,5,1479
1058,5.6,0.62,0.03,1.5,0.08,6.0,13.0,0.99498,3.66,0.62,10.1,4,1480
1059,8.2,0.28,0.6,3.0,0.10400000000000001,10.0,22.0,0.99828,3.39,0.68,10.6,5,1481
1060,8.1,0.33,0.44,1.5,0.042,6.0,12.0,0.9954200000000001,3.35,0.61,10.7,5,1483
1061,7.0,0.655,0.16,2.1,0.07400000000000001,8.0,25.0,0.9960600000000001,3.37,0.55,9.7,5,1485
1062,6.8,0.68,0.21,2.1,0.07,9.0,23.0,0.99546,3.38,0.6,10.3,5,1486
1063,6.0,0.64,0.05,1.9,0.066,9.0,17.0,0.9949600000000001,3.52,0.78,10.6,5,1487
1064,5.6,0.54,0.04,1.7,0.049,5.0,13.0,0.9942,3.72,0.58,11.4,5,1488
1065,7.1,0.22,0.49,1.8,0.039,8.0,18.0,0.99344,3.39,0.56,12.4,6,1490
1066,6.2,0.65,0.06,1.6,0.05,6.0,18.0,0.9934799999999999,3.57,0.54,11.95,5,1492
1067,7.7,0.54,0.26,1.9,0.08900000000000001,23.0,147.0,0.99636,3.26,0.59,9.7,5,1493
1068,6.4,0.31,0.09,1.4,0.066,15.0,28.0,0.99459,3.42,0.7,10.0,7,1494
1069,7.0,0.43,0.02,1.9,0.08,15.0,28.0,0.99492,3.35,0.81,10.6,6,1495
1070,6.9,0.74,0.03,2.3,0.054000000000000006,7.0,16.0,0.99508,3.45,0.63,11.5,6,1497
1071,6.9,0.74,0.03,2.3,0.054000000000000006,7.0,16.0,0.99508,3.45,0.63,11.5,6,1499
1072,7.8,0.82,0.29,4.3,0.083,21.0,64.0,0.9964200000000001,3.16,0.53,9.4,5,1501
1073,6.2,0.44,0.39,2.5,0.077,6.0,14.0,0.99555,3.51,0.69,11.0,6,1503
1074,7.5,0.38,0.57,2.3,0.106,5.0,12.0,0.99605,3.36,0.55,11.4,6,1504
1075,6.7,0.76,0.02,1.8,0.078,6.0,12.0,0.996,3.55,0.63,9.95,3,1505
1076,6.8,0.81,0.05,2.0,0.07,6.0,14.0,0.9956200000000001,3.51,0.66,10.8,6,1506
1077,7.5,0.38,0.57,2.3,0.106,5.0,12.0,0.99605,3.36,0.55,11.4,6,1507
1078,7.1,0.27,0.6,2.1,0.07400000000000001,17.0,25.0,0.9981399999999999,3.38,0.72,10.6,6,1508
1079,7.9,0.18,0.4,1.8,0.062,7.0,20.0,0.9941,3.28,0.7,11.1,5,1509
1080,6.4,0.36,0.21,2.2,0.047,26.0,48.0,0.99661,3.47,0.77,9.7,6,1510
1081,7.1,0.69,0.04,2.1,0.068,19.0,27.0,0.9971200000000001,3.44,0.67,9.8,5,1511
1082,6.9,0.84,0.21,4.1,0.07400000000000001,16.0,65.0,0.9984200000000001,3.53,0.72,9.23333333333333,6,1514
1083,6.9,0.84,0.21,4.1,0.07400000000000001,16.0,65.0,0.9984200000000001,3.53,0.72,9.25,6,1515
1084,6.5,0.53,0.06,2.0,0.063,29.0,44.0,0.9948899999999999,3.38,0.83,10.3,6,1517
1085,7.4,0.47,0.46,2.2,0.114,7.0,20.0,0.9964700000000001,3.32,0.63,10.5,5,1518
1086,6.6,0.7,0.08,2.6,0.106,14.0,27.0,0.99665,3.44,0.58,10.2,5,1519
1087,6.1,0.32,0.25,2.3,0.071,23.0,58.0,0.9963299999999999,3.42,0.97,10.6,5,1522
1088,6.8,0.48,0.25,2.0,0.076,29.0,61.0,0.9953,3.34,0.6,10.4,5,1523
1089,6.7,0.48,0.08,2.1,0.064,18.0,34.0,0.9955200000000001,3.33,0.64,9.7,5,1525
1090,6.8,0.47,0.08,2.2,0.064,18.0,38.0,0.9955299999999999,3.3,0.65,9.6,6,1526
1091,7.9,0.29,0.49,2.2,0.096,21.0,59.0,0.9971399999999999,3.31,0.67,10.1,6,1528
1092,7.1,0.69,0.08,2.1,0.063,42.0,52.0,0.99608,3.42,0.6,10.2,6,1529
1093,6.6,0.44,0.09,2.2,0.063,9.0,18.0,0.99444,3.42,0.69,11.3,6,1530
1094,6.1,0.705,0.1,2.8,0.081,13.0,28.0,0.99631,3.6,0.66,10.2,5,1531
1095,7.2,0.53,0.13,2.0,0.057999999999999996,18.0,22.0,0.9957299999999999,3.21,0.68,9.9,6,1532
1096,8.0,0.39,0.3,1.9,0.07400000000000001,32.0,84.0,0.9971700000000001,3.39,0.61,9.0,5,1533
1097,6.6,0.56,0.14,2.4,0.064,13.0,29.0,0.99397,3.42,0.62,11.7,7,1534
1098,7.0,0.55,0.13,2.2,0.075,15.0,35.0,0.9959,3.36,0.59,9.7,6,1535
1099,6.2,0.64,0.09,2.5,0.081,15.0,26.0,0.9953799999999999,3.57,0.63,12.0,5,1538
1100,6.2,0.52,0.08,4.4,0.071,11.0,32.0,0.99646,3.56,0.63,11.6,6,1540
1101,8.4,0.37,0.43,2.3,0.063,12.0,19.0,0.9955,3.17,0.81,11.2,7,1544
1102,6.5,0.63,0.33,1.8,0.059000000000000004,16.0,28.0,0.99531,3.36,0.64,10.1,6,1545
1103,7.0,0.57,0.02,2.0,0.07200000000000001,17.0,26.0,0.99575,3.36,0.61,10.2,5,1546
1104,11.2,0.4,0.5,2.0,0.099,19.0,50.0,0.9978299999999999,3.1,0.58,10.4,5,1548
1105,7.4,0.36,0.3,1.8,0.07400000000000001,17.0,24.0,0.99419,3.24,0.7,11.4,8,1549
1106,7.1,0.67,0.0,2.3,0.083,18.0,27.0,0.9976799999999999,3.44,0.54,9.4,5,1551
1107,6.3,0.68,0.01,3.7,0.10300000000000001,32.0,54.0,0.9958600000000001,3.51,0.66,11.3,6,1552
1108,7.3,0.735,0.0,2.2,0.08,18.0,28.0,0.99765,3.41,0.6,9.4,5,1553
1109,7.0,0.56,0.17,1.7,0.065,15.0,24.0,0.9951399999999999,3.44,0.68,10.55,7,1555
1110,6.6,0.88,0.04,2.2,0.066,12.0,20.0,0.99636,3.53,0.56,9.9,5,1556
1111,6.6,0.855,0.02,2.4,0.062,15.0,23.0,0.9962700000000001,3.54,0.6,11.0,6,1557
1112,6.9,0.63,0.33,6.7,0.235,66.0,115.0,0.99787,3.22,0.56,9.5,5,1558
1113,7.8,0.6,0.26,2.0,0.08,31.0,131.0,0.9962200000000001,3.21,0.52,9.9,5,1559
1114,7.8,0.6,0.26,2.0,0.08,31.0,131.0,0.9962200000000001,3.21,0.52,9.9,5,1560
1115,7.8,0.6,0.26,2.0,0.08,31.0,131.0,0.9962200000000001,3.21,0.52,9.9,5,1561
1116,7.2,0.695,0.13,2.0,0.076,12.0,20.0,0.99546,3.29,0.54,10.1,5,1562
1117,7.2,0.695,0.13,2.0,0.076,12.0,20.0,0.99546,3.29,0.54,10.1,5,1563
1118,6.7,0.67,0.02,1.9,0.061,26.0,42.0,0.9948899999999999,3.39,0.82,10.9,6,1565
1119,6.7,0.16,0.64,2.1,0.059000000000000004,24.0,52.0,0.9949399999999999,3.34,0.71,11.2,6,1566
1120,7.2,0.695,0.13,2.0,0.076,12.0,20.0,0.99546,3.29,0.54,10.1,5,1567
1121,7.0,0.56,0.13,1.6,0.077,25.0,42.0,0.99629,3.34,0.59,9.2,5,1568
1122,6.2,0.51,0.14,1.9,0.055999999999999994,15.0,34.0,0.9939600000000001,3.48,0.57,11.5,6,1569
1123,6.4,0.36,0.53,2.2,0.23,19.0,35.0,0.9934,3.37,0.93,12.4,6,1570
1124,6.4,0.38,0.14,2.2,0.038,15.0,25.0,0.9951399999999999,3.44,0.65,11.1,6,1571
1125,7.3,0.69,0.32,2.2,0.069,35.0,104.0,0.9963200000000001,3.33,0.51,9.5,5,1572
1126,6.0,0.58,0.2,2.4,0.075,15.0,50.0,0.99467,3.58,0.67,12.5,6,1573
1127,7.5,0.52,0.4,2.2,0.06,12.0,20.0,0.99474,3.26,0.64,11.8,6,1575
1128,8.0,0.3,0.63,1.6,0.081,16.0,29.0,0.9958799999999999,3.3,0.78,10.8,6,1576
1129,6.2,0.7,0.15,5.1,0.076,13.0,27.0,0.9962200000000001,3.54,0.6,11.9,6,1577
1130,6.8,0.67,0.15,1.8,0.11800000000000001,13.0,20.0,0.9954,3.42,0.67,11.3,6,1578
1131,7.4,0.35,0.33,2.4,0.068,9.0,26.0,0.9947,3.36,0.6,11.9,6,1580
1132,6.1,0.715,0.1,2.6,0.053,13.0,27.0,0.9936200000000001,3.57,0.5,11.9,5,1582
1133,6.2,0.46,0.29,2.1,0.07400000000000001,32.0,98.0,0.9957799999999999,3.33,0.62,9.8,5,1583
1134,6.7,0.32,0.44,2.4,0.061,24.0,34.0,0.99484,3.29,0.8,11.6,7,1584
1135,7.5,0.31,0.41,2.4,0.065,34.0,60.0,0.99492,3.34,0.85,11.4,6,1586
1136,5.8,0.61,0.11,1.8,0.066,18.0,28.0,0.9948299999999999,3.55,0.66,10.9,6,1587
1137,6.3,0.55,0.15,1.8,0.077,26.0,35.0,0.9931399999999999,3.32,0.82,11.6,6,1590
1138,5.4,0.74,0.09,1.7,0.08900000000000001,16.0,26.0,0.9940200000000001,3.67,0.56,11.6,6,1591
1139,6.3,0.51,0.13,2.3,0.076,29.0,40.0,0.99574,3.42,0.75,11.0,6,1592
1140,6.8,0.62,0.08,1.9,0.068,28.0,38.0,0.99651,3.42,0.82,9.5,6,1593
1141,6.2,0.6,0.08,2.0,0.09,32.0,44.0,0.9949,3.45,0.58,10.5,5,1594
1142,5.9,0.55,0.1,2.2,0.062,39.0,51.0,0.9951200000000001,3.52,0.76,11.2,6,1595
1143,5.9,0.645,0.12,2.0,0.075,32.0,44.0,0.9954700000000001,3.57,0.71,10.2,5,1597
